{
  "type": "FeatureCollection",
  "source": "DataMeet Municipal Spatial Data (Kanpur Municipal Corporation)",
  "features": [
    {
      "type": "Feature",
      "properties": {
        "wardId": "W01",
        "wardNo": 1,
        "wardName": "Ward 1 - Old Kanpur",
        "zoneNo": 4,
        "source": "DataMeet Municipal Spatial Data"
      },
      "geometry": {
        "type": "Polygon",
        "coordinates": [
          [
            [
              80.330236,
              26.490181
            ],
            [
              80.329854,
              26.489908
            ],
            [
              80.328404,
              26.490044
            ],
            [
              80.326648,
              26.491103
            ],
            [
              80.325198,
              26.491821
            ],
            [
              80.319502,
              26.491177
            ],
            [
              80.316496,
              26.490693
            ],
            [
              80.316648,
              26.491342
            ],
            [
              80.317221,
              26.491582
            ],
            [
              80.317412,
              26.491821
            ],
            [
              80.31787,
              26.492094
            ],
            [
              80.318404,
              26.49247
            ],
            [
              80.318175,
              26.496432
            ],
            [
              80.316648,
              26.497218
            ],
            [
              80.31577,
              26.498072
            ],
            [
              80.315236,
              26.49896
            ],
            [
              80.315122,
              26.499506
            ],
            [
              80.316114,
              26.500838
            ],
            [
              80.315351,
              26.501556
            ],
            [
              80.315732,
              26.50258
            ],
            [
              80.32077,
              26.499574
            ],
            [
              80.32306,
              26.497867
            ],
            [
              80.325503,
              26.495715
            ],
            [
              80.328709,
              26.494041
            ],
            [
              80.328823,
              26.49264
            ],
            [
              80.328633,
              26.492128
            ],
            [
              80.330121,
              26.490796
            ],
            [
              80.330236,
              26.490181
            ]
          ]
        ]
      }
    },
    {
      "type": "Feature",
      "properties": {
        "wardId": "W13",
        "wardNo": 13,
        "wardName": "Ward 13 - Khalasi Line",
        "zoneNo": 4,
        "source": "DataMeet Municipal Spatial Data"
      },
      "geometry": {
        "type": "Polygon",
        "coordinates": [
          [
            [
              80.326648,
              26.491103
            ],
            [
              80.328175,
              26.490249
            ],
            [
              80.329739,
              26.490249
            ],
            [
              80.330236,
              26.490181
            ],
            [
              80.330503,
              26.49001
            ],
            [
              80.33035,
              26.489429
            ],
            [
              80.330159,
              26.488439
            ],
            [
              80.329892,
              26.487858
            ],
            [
              80.330045,
              26.486287
            ],
            [
              80.330579,
              26.484203
            ],
            [
              80.330426,
              26.483861
            ],
            [
              80.329892,
              26.483315
            ],
            [
              80.329243,
              26.482871
            ],
            [
              80.328747,
              26.482563
            ],
            [
              80.327106,
              26.48352
            ],
            [
              80.324472,
              26.485467
            ],
            [
              80.322679,
              26.486765
            ],
            [
              80.322297,
              26.487346
            ],
            [
              80.321457,
              26.488644
            ],
            [
              80.321152,
              26.48902
            ],
            [
              80.318671,
              26.489839
            ],
            [
              80.31661,
              26.490693
            ],
            [
              80.32535,
              26.491616
            ],
            [
              80.326648,
              26.491103
            ]
          ]
        ]
      }
    },
    {
      "type": "Feature",
      "properties": {
        "wardId": "W43",
        "wardNo": 43,
        "wardName": "Ward 43 - Ashok Nagar",
        "zoneNo": 4,
        "source": "DataMeet Municipal Spatial Data"
      },
      "geometry": {
        "type": "Polygon",
        "coordinates": [
          [
            [
              80.298567,
              26.48352
            ],
            [
              80.3012,
              26.484237
            ],
            [
              80.302689,
              26.485023
            ],
            [
              80.304864,
              26.486048
            ],
            [
              80.306353,
              26.486799
            ],
            [
              80.307307,
              26.487448
            ],
            [
              80.308376,
              26.488131
            ],
            [
              80.310322,
              26.489429
            ],
            [
              80.3112,
              26.489429
            ],
            [
              80.311467,
              26.489874
            ],
            [
              80.311963,
              26.489839
            ],
            [
              80.313795,
              26.490454
            ],
            [
              80.315169,
              26.490625
            ],
            [
              80.316123,
              26.490488
            ],
            [
              80.316772,
              26.490659
            ],
            [
              80.317994,
              26.490113
            ],
            [
              80.319406,
              26.489566
            ],
            [
              80.321085,
              26.489054
            ],
            [
              80.322345,
              26.487312
            ],
            [
              80.321887,
              26.486321
            ],
            [
              80.3212,
              26.485023
            ],
            [
              80.320398,
              26.483349
            ],
            [
              80.319406,
              26.483246
            ],
            [
              80.31723,
              26.482905
            ],
            [
              80.317307,
              26.482392
            ],
            [
              80.317536,
              26.481538
            ],
            [
              80.317612,
              26.480343
            ],
            [
              80.317612,
              26.47901
            ],
            [
              80.315742,
              26.47901
            ],
            [
              80.311811,
              26.479249
            ],
            [
              80.30807,
              26.479557
            ],
            [
              80.305513,
              26.480035
            ],
            [
              80.303796,
              26.480718
            ],
            [
              80.301773,
              26.481709
            ],
            [
              80.300475,
              26.4827
            ],
            [
              80.298567,
              26.48352
            ]
          ]
        ]
      }
    },
    {
      "type": "Feature",
      "properties": {
        "wardId": "W22",
        "wardNo": 22,
        "wardName": "Ward 22 - Behna Jhabhar / Kakadeo",
        "zoneNo": 4,
        "source": "DataMeet Municipal Spatial Data"
      },
      "geometry": {
        "type": "Polygon",
        "coordinates": [
          [
            [
              80.322351,
              26.487261
            ],
            [
              80.322887,
              26.48665
            ],
            [
              80.323447,
              26.486192
            ],
            [
              80.324519,
              26.485473
            ],
            [
              80.326103,
              26.48423
            ],
            [
              80.327151,
              26.483553
            ],
            [
              80.327541,
              26.483183
            ],
            [
              80.326639,
              26.482463
            ],
            [
              80.325543,
              26.481721
            ],
            [
              80.322448,
              26.479955
            ],
            [
              80.322326,
              26.479933
            ],
            [
              80.323082,
              26.478842
            ],
            [
              80.323057,
              26.47821
            ],
            [
              80.322277,
              26.478581
            ],
            [
              80.320499,
              26.478952
            ],
            [
              80.318817,
              26.479061
            ],
            [
              80.317721,
              26.479061
            ],
            [
              80.317575,
              26.479061
            ],
            [
              80.317575,
              26.480391
            ],
            [
              80.317623,
              26.481569
            ],
            [
              80.317307,
              26.482376
            ],
            [
              80.317063,
              26.482856
            ],
            [
              80.31928,
              26.483204
            ],
            [
              80.320426,
              26.483335
            ],
            [
              80.322351,
              26.487261
            ]
          ]
        ]
      }
    },
    {
      "type": "Feature",
      "properties": {
        "wardId": "W76",
        "wardNo": 76,
        "wardName": "Ward 76 - Suther Ganj",
        "zoneNo": 4,
        "source": "DataMeet Municipal Spatial Data"
      },
      "geometry": {
        "type": "Polygon",
        "coordinates": [
          [
            [
              80.328808,
              26.493869
            ],
            [
              80.329758,
              26.492822
            ],
            [
              80.331244,
              26.492102
            ],
            [
              80.332633,
              26.491666
            ],
            [
              80.333973,
              26.491426
            ],
            [
              80.336556,
              26.490881
            ],
            [
              80.338116,
              26.490598
            ],
            [
              80.338822,
              26.49051
            ],
            [
              80.3397,
              26.490074
            ],
            [
              80.340357,
              26.489878
            ],
            [
              80.340138,
              26.488962
            ],
            [
              80.339626,
              26.488439
            ],
            [
              80.339285,
              26.487566
            ],
            [
              80.338725,
              26.486454
            ],
            [
              80.33931,
              26.486192
            ],
            [
              80.338871,
              26.48556
            ],
            [
              80.338701,
              26.484797
            ],
            [
              80.336995,
              26.482899
            ],
            [
              80.337555,
              26.482245
            ],
            [
              80.337872,
              26.481634
            ],
            [
              80.338116,
              26.480936
            ],
            [
              80.338749,
              26.480129
            ],
            [
              80.339529,
              26.479431
            ],
            [
              80.339968,
              26.479082
            ],
            [
              80.34026,
              26.478493
            ],
            [
              80.341186,
              26.477621
            ],
            [
              80.339821,
              26.475898
            ],
            [
              80.339626,
              26.476051
            ],
            [
              80.338238,
              26.476509
            ],
            [
              80.337287,
              26.476923
            ],
            [
              80.336654,
              26.477163
            ],
            [
              80.336069,
              26.477556
            ],
            [
              80.33585,
              26.478123
            ],
            [
              80.335606,
              26.478581
            ],
            [
              80.335314,
              26.479191
            ],
            [
              80.335046,
              26.479737
            ],
            [
              80.334777,
              26.480347
            ],
            [
              80.334753,
              26.481067
            ],
            [
              80.335094,
              26.481852
            ],
            [
              80.335557,
              26.482812
            ],
            [
              80.33602,
              26.483641
            ],
            [
              80.334607,
              26.484622
            ],
            [
              80.332853,
              26.485843
            ],
            [
              80.331732,
              26.486912
            ],
            [
              80.330976,
              26.488242
            ],
            [
              80.330245,
              26.48894
            ],
            [
              80.330513,
              26.489529
            ],
            [
              80.330611,
              26.489922
            ],
            [
              80.330221,
              26.490271
            ],
            [
              80.330197,
              26.490794
            ],
            [
              80.328783,
              26.492146
            ],
            [
              80.328905,
              26.492648
            ],
            [
              80.328832,
              26.493149
            ],
            [
              80.328808,
              26.493869
            ]
          ]
        ]
      }
    },
    {
      "type": "Feature",
      "properties": {
        "wardId": "W43",
        "wardNo": 43,
        "wardName": "Ward 43 - Ashok Nagar",
        "zoneNo": 4,
        "source": "DataMeet Municipal Spatial Data"
      },
      "geometry": {
        "type": "Polygon",
        "coordinates": [
          [
            [
              80.30622,
              26.479911
            ],
            [
              80.306244,
              26.479955
            ],
            [
              80.308096,
              26.479628
            ],
            [
              80.310192,
              26.479453
            ],
            [
              80.313554,
              26.479191
            ],
            [
              80.315698,
              26.479082
            ],
            [
              80.317526,
              26.479082
            ],
            [
              80.318744,
              26.479148
            ],
            [
              80.320426,
              26.479039
            ],
            [
              80.321059,
              26.47893
            ],
            [
              80.32218,
              26.478624
            ],
            [
              80.323082,
              26.478188
            ],
            [
              80.323618,
              26.477686
            ],
            [
              80.32447,
              26.476923
            ],
            [
              80.325421,
              26.476094
            ],
            [
              80.326079,
              26.475833
            ],
            [
              80.326858,
              26.475702
            ],
            [
              80.326054,
              26.474611
            ],
            [
              80.324714,
              26.475593
            ],
            [
              80.323983,
              26.47496
            ],
            [
              80.3243,
              26.474589
            ],
            [
              80.323106,
              26.473521
            ],
            [
              80.323203,
              26.473106
            ],
            [
              80.322838,
              26.473063
            ],
            [
              80.321985,
              26.47267
            ],
            [
              80.319841,
              26.471448
            ],
            [
              80.320084,
              26.471099
            ],
            [
              80.317039,
              26.469093
            ],
            [
              80.316186,
              26.469943
            ],
            [
              80.315089,
              26.47123
            ],
            [
              80.313432,
              26.472823
            ],
            [
              80.311361,
              26.474916
            ],
            [
              80.308388,
              26.477992
            ],
            [
              80.306951,
              26.479322
            ],
            [
              80.30622,
              26.479911
            ]
          ]
        ]
      }
    },
    {
      "type": "Feature",
      "properties": {
        "wardId": "W04",
        "wardNo": 4,
        "wardName": "Ward 4 - Gwaltoli",
        "zoneNo": 4,
        "source": "DataMeet Municipal Spatial Data"
      },
      "geometry": {
        "type": "Polygon",
        "coordinates": [
          [
            [
              80.330221,
              26.48894
            ],
            [
              80.330976,
              26.488373
            ],
            [
              80.331732,
              26.486912
            ],
            [
              80.332779,
              26.485887
            ],
            [
              80.334485,
              26.484666
            ],
            [
              80.336045,
              26.483641
            ],
            [
              80.335533,
              26.482812
            ],
            [
              80.335143,
              26.48194
            ],
            [
              80.334631,
              26.481089
            ],
            [
              80.334777,
              26.480326
            ],
            [
              80.335021,
              26.479868
            ],
            [
              80.335289,
              26.47917
            ],
            [
              80.334875,
              26.479497
            ],
            [
              80.3339,
              26.479977
            ],
            [
              80.333169,
              26.480347
            ],
            [
              80.332487,
              26.4805
            ],
            [
              80.331512,
              26.480718
            ],
            [
              80.330611,
              26.481176
            ],
            [
              80.329807,
              26.481612
            ],
            [
              80.328735,
              26.482637
            ],
            [
              80.329173,
              26.482877
            ],
            [
              80.329782,
              26.48327
            ],
            [
              80.33044,
              26.483859
            ],
            [
              80.330586,
              26.484186
            ],
            [
              80.330002,
              26.486323
            ],
            [
              80.32988,
              26.487806
            ],
            [
              80.330172,
              26.48846
            ],
            [
              80.330221,
              26.48894
            ]
          ]
        ]
      }
    },
    {
      "type": "Feature",
      "properties": {
        "wardId": "W06",
        "wardNo": 6,
        "wardName": "Ward 6 - Mecrobert Ganj",
        "zoneNo": 4,
        "source": "DataMeet Municipal Spatial Data"
      },
      "geometry": {
        "type": "Polygon",
        "coordinates": [
          [
            [
              80.327589,
              26.483204
            ],
            [
              80.328637,
              26.482594
            ],
            [
              80.329051,
              26.482288
            ],
            [
              80.329734,
              26.481678
            ],
            [
              80.330586,
              26.481242
            ],
            [
              80.331488,
              26.480696
            ],
            [
              80.332438,
              26.480456
            ],
            [
              80.333194,
              26.480347
            ],
            [
              80.334046,
              26.479977
            ],
            [
              80.334875,
              26.479453
            ],
            [
              80.335362,
              26.47917
            ],
            [
              80.335533,
              26.478646
            ],
            [
              80.335825,
              26.478232
            ],
            [
              80.33602,
              26.477599
            ],
            [
              80.335557,
              26.477643
            ],
            [
              80.334656,
              26.477599
            ],
            [
              80.334193,
              26.477599
            ],
            [
              80.333827,
              26.477185
            ],
            [
              80.332755,
              26.474916
            ],
            [
              80.332122,
              26.474916
            ],
            [
              80.331196,
              26.474568
            ],
            [
              80.330148,
              26.474502
            ],
            [
              80.3291,
              26.474916
            ],
            [
              80.327662,
              26.475505
            ],
            [
              80.326761,
              26.475745
            ],
            [
              80.326079,
              26.475876
            ],
            [
              80.325421,
              26.476116
            ],
            [
              80.32447,
              26.476923
            ],
            [
              80.323642,
              26.477686
            ],
            [
              80.323082,
              26.47821
            ],
            [
              80.323082,
              26.478886
            ],
            [
              80.322399,
              26.479933
            ],
            [
              80.325469,
              26.4817
            ],
            [
              80.32659,
              26.482419
            ],
            [
              80.327589,
              26.483204
            ]
          ]
        ]
      }
    },
    {
      "type": "Feature",
      "properties": {
        "wardId": "W15",
        "wardNo": 15,
        "wardName": "Ward 15 - Permat / Govind Nagar",
        "zoneNo": 4,
        "source": "DataMeet Municipal Spatial Data"
      },
      "geometry": {
        "type": "Polygon",
        "coordinates": [
          [
            [
              80.340309,
              26.489922
            ],
            [
              80.342039,
              26.489333
            ],
            [
              80.34294,
              26.489093
            ],
            [
              80.344451,
              26.488657
            ],
            [
              80.344841,
              26.488395
            ],
            [
              80.346108,
              26.487893
            ],
            [
              80.347131,
              26.487414
            ],
            [
              80.348837,
              26.486934
            ],
            [
              80.349665,
              26.486432
            ],
            [
              80.350177,
              26.485974
            ],
            [
              80.350445,
              26.485625
            ],
            [
              80.350689,
              26.485255
            ],
            [
              80.351079,
              26.484906
            ],
            [
              80.351517,
              26.48436
            ],
            [
              80.352127,
              26.48399
            ],
            [
              80.352127,
              26.483575
            ],
            [
              80.351956,
              26.483117
            ],
            [
              80.351883,
              26.482746
            ],
            [
              80.351737,
              26.482332
            ],
            [
              80.35142,
              26.48194
            ],
            [
              80.350835,
              26.481547
            ],
            [
              80.351054,
              26.481372
            ],
            [
              80.351054,
              26.480893
            ],
            [
              80.350908,
              26.480936
            ],
            [
              80.350567,
              26.481002
            ],
            [
              80.350275,
              26.481154
            ],
            [
              80.349812,
              26.481394
            ],
            [
              80.349422,
              26.48122
            ],
            [
              80.349227,
              26.480893
            ],
            [
              80.349471,
              26.479715
            ],
            [
              80.349008,
              26.48002
            ],
            [
              80.348618,
              26.48026
            ],
            [
              80.348203,
              26.480522
            ],
            [
              80.347619,
              26.480696
            ],
            [
              80.34718,
              26.480914
            ],
            [
              80.346522,
              26.481176
            ],
            [
              80.345864,
              26.481525
            ],
            [
              80.345231,
              26.481656
            ],
            [
              80.345328,
              26.481045
            ],
            [
              80.345572,
              26.480086
            ],
            [
              80.345791,
              26.479148
            ],
            [
              80.345962,
              26.477926
            ],
            [
              80.345913,
              26.476661
            ],
            [
              80.345645,
              26.476138
            ],
            [
              80.345231,
              26.475222
            ],
            [
              80.344938,
              26.474458
            ],
            [
              80.344719,
              26.474109
            ],
            [
              80.34428,
              26.474153
            ],
            [
              80.343769,
              26.474306
            ],
            [
              80.34294,
              26.474611
            ],
            [
              80.342161,
              26.474982
            ],
            [
              80.341551,
              26.475309
            ],
            [
              80.340894,
              26.475593
            ],
            [
              80.339821,
              26.475963
            ],
            [
              80.341137,
              26.477686
            ],
            [
              80.340236,
              26.478515
            ],
            [
              80.339943,
              26.479126
            ],
            [
              80.339432,
              26.47954
            ],
            [
              80.338749,
              26.480173
            ],
            [
              80.338091,
              26.480936
            ],
            [
              80.337823,
              26.481591
            ],
            [
              80.337604,
              26.482223
            ],
            [
              80.336946,
              26.482899
            ],
            [
              80.338652,
              26.48484
            ],
            [
              80.338847,
              26.485538
            ],
            [
              80.339261,
              26.486149
            ],
            [
              80.338627,
              26.48652
            ],
            [
              80.339261,
              26.487501
            ],
            [
              80.339529,
              26.488439
            ],
            [
              80.340114,
              26.488984
            ],
            [
              80.340309,
              26.489922
            ]
          ]
        ]
      }
    },
    {
      "type": "Feature",
      "properties": {
        "wardId": "W05",
        "wardNo": 5,
        "wardName": "Ward 5 - Chunni Ganj",
        "zoneNo": 4,
        "source": "DataMeet Municipal Spatial Data"
      },
      "geometry": {
        "type": "Polygon",
        "coordinates": [
          [
            [
              80.344792,
              26.472888
            ],
            [
              80.342721,
              26.472844
            ],
            [
              80.341819,
              26.473128
            ],
            [
              80.341088,
              26.473412
            ],
            [
              80.340577,
              26.47363
            ],
            [
              80.340187,
              26.473608
            ],
            [
              80.339943,
              26.473564
            ],
            [
              80.339748,
              26.473695
            ],
            [
              80.338774,
              26.473891
            ],
            [
              80.338481,
              26.474066
            ],
            [
              80.338091,
              26.474219
            ],
            [
              80.337799,
              26.474219
            ],
            [
              80.337458,
              26.474109
            ],
            [
              80.336946,
              26.473935
            ],
            [
              80.336288,
              26.473782
            ],
            [
              80.33585,
              26.473586
            ],
            [
              80.335484,
              26.47339
            ],
            [
              80.33524,
              26.473193
            ],
            [
              80.334729,
              26.47315
            ],
            [
              80.334509,
              26.472997
            ],
            [
              80.334339,
              26.472888
            ],
            [
              80.333876,
              26.472583
            ],
            [
              80.333364,
              26.472321
            ],
            [
              80.332828,
              26.471972
            ],
            [
              80.332316,
              26.471623
            ],
            [
              80.332316,
              26.471797
            ],
            [
              80.33217,
              26.47219
            ],
            [
              80.33217,
              26.472452
            ],
            [
              80.332073,
              26.472692
            ],
            [
              80.331975,
              26.472975
            ],
            [
              80.331634,
              26.473215
            ],
            [
              80.331147,
              26.473608
            ],
            [
              80.330611,
              26.474109
            ],
            [
              80.33005,
              26.474546
            ],
            [
              80.330465,
              26.474546
            ],
            [
              80.331171,
              26.474546
            ],
            [
              80.332048,
              26.474982
            ],
            [
              80.332682,
              26.474916
            ],
            [
              80.332853,
              26.474982
            ],
            [
              80.332877,
              26.475244
            ],
            [
              80.333096,
              26.475571
            ],
            [
              80.333242,
              26.475898
            ],
            [
              80.333364,
              26.47616
            ],
            [
              80.333437,
              26.476312
            ],
            [
              80.333486,
              26.476727
            ],
            [
              80.333803,
              26.477185
            ],
            [
              80.333949,
              26.477425
            ],
            [
              80.333949,
              26.477599
            ],
            [
              80.334193,
              26.477686
            ],
            [
              80.334558,
              26.477665
            ],
            [
              80.33507,
              26.477643
            ],
            [
              80.33563,
              26.477643
            ],
            [
              80.336045,
              26.477599
            ],
            [
              80.336629,
              26.477316
            ],
            [
              80.33719,
              26.476945
            ],
            [
              80.337945,
              26.476683
            ],
            [
              80.338993,
              26.476312
            ],
            [
              80.33987,
              26.475985
            ],
            [
              80.340894,
              26.475571
            ],
            [
              80.341551,
              26.475331
            ],
            [
              80.342112,
              26.475026
            ],
            [
              80.342989,
              26.474589
            ],
            [
              80.343842,
              26.474262
            ],
            [
              80.344329,
              26.474175
            ],
            [
              80.344768,
              26.474066
            ],
            [
              80.344792,
              26.472888
            ]
          ]
        ]
      }
    },
    {
      "type": "Feature",
      "properties": {
        "wardId": "W41",
        "wardNo": 41,
        "wardName": "Ward 41 - Sisamau North",
        "zoneNo": 4,
        "source": "DataMeet Municipal Spatial Data"
      },
      "geometry": {
        "type": "Polygon",
        "coordinates": [
          [
            [
              80.326956,
              26.475702
            ],
            [
              80.328735,
              26.475113
            ],
            [
              80.329855,
              26.474633
            ],
            [
              80.330367,
              26.474284
            ],
            [
              80.330879,
              26.473913
            ],
            [
              80.331464,
              26.473477
            ],
            [
              80.331634,
              26.473193
            ],
            [
              80.331927,
              26.472932
            ],
            [
              80.332195,
              26.472517
            ],
            [
              80.332219,
              26.472081
            ],
            [
              80.332219,
              26.471797
            ],
            [
              80.332365,
              26.471492
            ],
            [
              80.332828,
              26.471034
            ],
            [
              80.333047,
              26.470598
            ],
            [
              80.333413,
              26.469878
            ],
            [
              80.333827,
              26.469289
            ],
            [
              80.333413,
              26.468875
            ],
            [
              80.333194,
              26.468875
            ],
            [
              80.332511,
              26.468089
            ],
            [
              80.332292,
              26.468177
            ],
            [
              80.331391,
              26.468198
            ],
            [
              80.330611,
              26.468046
            ],
            [
              80.329977,
              26.468111
            ],
            [
              80.329612,
              26.468242
            ],
            [
              80.329027,
              26.468547
            ],
            [
              80.328296,
              26.468569
            ],
            [
              80.328028,
              26.4687
            ],
            [
              80.32737,
              26.469071
            ],
            [
              80.32776,
              26.469703
            ],
            [
              80.328272,
              26.470292
            ],
            [
              80.328856,
              26.471078
            ],
            [
              80.330684,
              26.47267
            ],
            [
              80.325737,
              26.472801
            ],
            [
              80.326956,
              26.475702
            ]
          ]
        ]
      }
    },
    {
      "type": "Feature",
      "properties": {
        "wardId": "W11",
        "wardNo": 11,
        "wardName": "Ward 11 - Jawahar Nagar",
        "zoneNo": 4,
        "source": "DataMeet Municipal Spatial Data"
      },
      "geometry": {
        "type": "Polygon",
        "coordinates": [
          [
            [
              80.326956,
              26.475724
            ],
            [
              80.325762,
              26.472801
            ],
            [
              80.330733,
              26.472692
            ],
            [
              80.329977,
              26.472081
            ],
            [
              80.329417,
              26.471536
            ],
            [
              80.329124,
              26.471296
            ],
            [
              80.328491,
              26.470663
            ],
            [
              80.32815,
              26.470162
            ],
            [
              80.327662,
              26.469529
            ],
            [
              80.327273,
              26.469027
            ],
            [
              80.326761,
              26.469289
            ],
            [
              80.325884,
              26.469747
            ],
            [
              80.324812,
              26.470183
            ],
            [
              80.324519,
              26.469747
            ],
            [
              80.324446,
              26.468787
            ],
            [
              80.324397,
              26.46822
            ],
            [
              80.324154,
              26.467631
            ],
            [
              80.324154,
              26.467042
            ],
            [
              80.323959,
              26.466301
            ],
            [
              80.323715,
              26.465276
            ],
            [
              80.32335,
              26.463727
            ],
            [
              80.323374,
              26.463181
            ],
            [
              80.32296,
              26.463181
            ],
            [
              80.321376,
              26.464883
            ],
            [
              80.321961,
              26.465581
            ],
            [
              80.322034,
              26.465995
            ],
            [
              80.322253,
              26.466911
            ],
            [
              80.322594,
              26.468329
            ],
            [
              80.322911,
              26.469747
            ],
            [
              80.323715,
              26.471056
            ],
            [
              80.325006,
              26.472932
            ],
            [
              80.326054,
              26.474655
            ],
            [
              80.326956,
              26.475724
            ]
          ]
        ]
      }
    },
    {
      "type": "Feature",
      "properties": {
        "wardId": "W51",
        "wardNo": 51,
        "wardName": "Ward 51 - Nehru Nagar",
        "zoneNo": 4,
        "source": "DataMeet Municipal Spatial Data"
      },
      "geometry": {
        "type": "Polygon",
        "coordinates": [
          [
            [
              80.32603,
              26.474655
            ],
            [
              80.325031,
              26.47291
            ],
            [
              80.323691,
              26.471012
            ],
            [
              80.322887,
              26.469725
            ],
            [
              80.322545,
              26.468307
            ],
            [
              80.322326,
              26.46689
            ],
            [
              80.322107,
              26.465952
            ],
            [
              80.321985,
              26.465537
            ],
            [
              80.321278,
              26.464883
            ],
            [
              80.317039,
              26.469071
            ],
            [
              80.320133,
              26.471078
            ],
            [
              80.319743,
              26.471427
            ],
            [
              80.321912,
              26.472561
            ],
            [
              80.322813,
              26.473084
            ],
            [
              80.323228,
              26.473041
            ],
            [
              80.32313,
              26.473542
            ],
            [
              80.3243,
              26.474568
            ],
            [
              80.323934,
              26.474982
            ],
            [
              80.32486,
              26.475636
            ],
            [
              80.32603,
              26.474655
            ]
          ]
        ]
      }
    },
    {
      "type": "Feature",
      "properties": {
        "wardId": "W65",
        "wardNo": 65,
        "wardName": "Ward 65 - Gandhi Nagar",
        "zoneNo": 4,
        "source": "DataMeet Municipal Spatial Data"
      },
      "geometry": {
        "type": "Polygon",
        "coordinates": [
          [
            [
              80.32486,
              26.470249
            ],
            [
              80.325859,
              26.469769
            ],
            [
              80.326858,
              26.469267
            ],
            [
              80.327419,
              26.469005
            ],
            [
              80.328004,
              26.468678
            ],
            [
              80.328393,
              26.468569
            ],
            [
              80.329149,
              26.468569
            ],
            [
              80.329636,
              26.468242
            ],
            [
              80.328856,
              26.466824
            ],
            [
              80.328564,
              26.466148
            ],
            [
              80.32737,
              26.463203
            ],
            [
              80.323325,
              26.463225
            ],
            [
              80.323276,
              26.463749
            ],
            [
              80.323642,
              26.465276
            ],
            [
              80.323934,
              26.466323
            ],
            [
              80.324081,
              26.466955
            ],
            [
              80.324056,
              26.467609
            ],
            [
              80.324446,
              26.46822
            ],
            [
              80.32447,
              26.468831
            ],
            [
              80.324519,
              26.469747
            ],
            [
              80.32486,
              26.470249
            ]
          ]
        ]
      }
    },
    {
      "type": "Feature",
      "properties": {
        "wardId": "W78",
        "wardNo": 78,
        "wardName": "Ward 78 - Prem Nagar",
        "zoneNo": 4,
        "source": "DataMeet Municipal Spatial Data"
      },
      "geometry": {
        "type": "Polygon",
        "coordinates": [
          [
            [
              80.327394,
              26.463225
            ],
            [
              80.328759,
              26.46665
            ],
            [
              80.329295,
              26.467719
            ],
            [
              80.329685,
              26.468242
            ],
            [
              80.330002,
              26.468089
            ],
            [
              80.330513,
              26.468002
            ],
            [
              80.331317,
              26.468198
            ],
            [
              80.332268,
              26.468155
            ],
            [
              80.332511,
              26.468068
            ],
            [
              80.331732,
              26.467086
            ],
            [
              80.330854,
              26.467566
            ],
            [
              80.330513,
              26.467021
            ],
            [
              80.330221,
              26.46617
            ],
            [
              80.330879,
              26.465952
            ],
            [
              80.330708,
              26.465537
            ],
            [
              80.33044,
              26.465232
            ],
            [
              80.330075,
              26.464425
            ],
            [
              80.329831,
              26.463901
            ],
            [
              80.329636,
              26.463181
            ],
            [
              80.327394,
              26.463225
            ]
          ]
        ]
      }
    },
    {
      "type": "Feature",
      "properties": {
        "wardId": "W16",
        "wardNo": 16,
        "wardName": "Ward 16",
        "zoneNo": 4,
        "source": "DataMeet Municipal Spatial Data"
      },
      "geometry": {
        "type": "Polygon",
        "coordinates": [
          [
            [
              80.333876,
              26.469311
            ],
            [
              80.334363,
              26.468831
            ],
            [
              80.334997,
              26.468438
            ],
            [
              80.334851,
              26.468111
            ],
            [
              80.33546,
              26.467653
            ],
            [
              80.334997,
              26.467021
            ],
            [
              80.334241,
              26.467457
            ],
            [
              80.333169,
              26.467806
            ],
            [
              80.332487,
              26.468089
            ],
            [
              80.333023,
              26.468853
            ],
            [
              80.333389,
              26.468875
            ],
            [
              80.333876,
              26.469311
            ]
          ]
        ]
      }
    },
    {
      "type": "Feature",
      "properties": {
        "wardId": "W94",
        "wardNo": 94,
        "wardName": "Ward 94 - Becon Ganj",
        "zoneNo": 4,
        "source": "DataMeet Municipal Spatial Data"
      },
      "geometry": {
        "type": "Polygon",
        "coordinates": [
          [
            [
              80.332341,
              26.471536
            ],
            [
              80.332316,
              26.471754
            ],
            [
              80.332828,
              26.471994
            ],
            [
              80.33334,
              26.472343
            ],
            [
              80.333925,
              26.472648
            ],
            [
              80.334266,
              26.472801
            ],
            [
              80.334583,
              26.473063
            ],
            [
              80.334704,
              26.473259
            ],
            [
              80.335362,
              26.473281
            ],
            [
              80.335387,
              26.473106
            ],
            [
              80.335387,
              26.472975
            ],
            [
              80.335703,
              26.472539
            ],
            [
              80.335777,
              26.472234
            ],
            [
              80.336093,
              26.471928
            ],
            [
              80.336337,
              26.471667
            ],
            [
              80.336702,
              26.471427
            ],
            [
              80.337019,
              26.471274
            ],
            [
              80.337336,
              26.47099
            ],
            [
              80.337263,
              26.470641
            ],
            [
              80.337263,
              26.470314
            ],
            [
              80.337068,
              26.470249
            ],
            [
              80.337019,
              26.469987
            ],
            [
              80.336946,
              26.469922
            ],
            [
              80.336873,
              26.470009
            ],
            [
              80.336459,
              26.470009
            ],
            [
              80.336215,
              26.470052
            ],
            [
              80.335996,
              26.470162
            ],
            [
              80.33563,
              26.470162
            ],
            [
              80.335533,
              26.469878
            ],
            [
              80.335387,
              26.4699
            ],
            [
              80.335094,
              26.469987
            ],
            [
              80.334704,
              26.470118
            ],
            [
              80.334363,
              26.470314
            ],
            [
              80.334071,
              26.470489
            ],
            [
              80.333437,
              26.470772
            ],
            [
              80.332877,
              26.471099
            ],
            [
              80.332341,
              26.471536
            ]
          ]
        ]
      }
    },
    {
      "type": "Feature",
      "properties": {
        "wardId": "W110",
        "wardNo": 110,
        "wardName": "Ward 110 - Cornol Ganj",
        "zoneNo": 4,
        "source": "DataMeet Municipal Spatial Data"
      },
      "geometry": {
        "type": "Polygon",
        "coordinates": [
          [
            [
              80.335362,
              26.473237
            ],
            [
              80.335874,
              26.473608
            ],
            [
              80.336191,
              26.473804
            ],
            [
              80.336459,
              26.473804
            ],
            [
              80.336849,
              26.474022
            ],
            [
              80.33719,
              26.474066
            ],
            [
              80.337458,
              26.474153
            ],
            [
              80.33758,
              26.474219
            ],
            [
              80.337921,
              26.47424
            ],
            [
              80.338116,
              26.47424
            ],
            [
              80.338506,
              26.474109
            ],
            [
              80.338652,
              26.473935
            ],
            [
              80.339237,
              26.473826
            ],
            [
              80.339724,
              26.47363
            ],
            [
              80.339894,
              26.473542
            ],
            [
              80.340138,
              26.473542
            ],
            [
              80.340479,
              26.473651
            ],
            [
              80.340991,
              26.473499
            ],
            [
              80.34082,
              26.473281
            ],
            [
              80.340699,
              26.472997
            ],
            [
              80.340528,
              26.472735
            ],
            [
              80.340357,
              26.472495
            ],
            [
              80.340187,
              26.472168
            ],
            [
              80.339968,
              26.471797
            ],
            [
              80.339626,
              26.471405
            ],
            [
              80.339432,
              26.471252
            ],
            [
              80.339407,
              26.47099
            ],
            [
              80.33931,
              26.47062
            ],
            [
              80.339188,
              26.47038
            ],
            [
              80.339066,
              26.47038
            ],
            [
              80.338944,
              26.470445
            ],
            [
              80.338774,
              26.470576
            ],
            [
              80.338384,
              26.470641
            ],
            [
              80.338116,
              26.470794
            ],
            [
              80.33775,
              26.470816
            ],
            [
              80.337531,
              26.470925
            ],
            [
              80.337263,
              26.471056
            ],
            [
              80.337044,
              26.471187
            ],
            [
              80.336946,
              26.471339
            ],
            [
              80.336678,
              26.471448
            ],
            [
              80.336556,
              26.471601
            ],
            [
              80.336191,
              26.471754
            ],
            [
              80.33602,
              26.472016
            ],
            [
              80.335752,
              26.472343
            ],
            [
              80.335752,
              26.472604
            ],
            [
              80.335362,
              26.473019
            ],
            [
              80.335362,
              26.473237
            ]
          ]
        ]
      }
    },
    {
      "type": "Feature",
      "properties": {
        "wardId": "W107",
        "wardNo": 107,
        "wardName": "Ward 107 - Talak Mohal",
        "zoneNo": 4,
        "source": "DataMeet Municipal Spatial Data"
      },
      "geometry": {
        "type": "Polygon",
        "coordinates": [
          [
            [
              80.340831,
              26.473218
            ],
            [
              80.34175,
              26.473227
            ],
            [
              80.342714,
              26.472848
            ],
            [
              80.344551,
              26.472824
            ],
            [
              80.344974,
              26.471483
            ],
            [
              80.344827,
              26.471245
            ],
            [
              80.344496,
              26.47062
            ],
            [
              80.344202,
              26.469979
            ],
            [
              80.343706,
              26.469633
            ],
            [
              80.344193,
              26.469411
            ],
            [
              80.344753,
              26.469181
            ],
            [
              80.344634,
              26.468926
            ],
            [
              80.344441,
              26.468902
            ],
            [
              80.343991,
              26.468203
            ],
            [
              80.343973,
              26.468014
            ],
            [
              80.343697,
              26.467775
            ],
            [
              80.343513,
              26.467997
            ],
            [
              80.343725,
              26.468227
            ],
            [
              80.343431,
              26.468417
            ],
            [
              80.343109,
              26.468581
            ],
            [
              80.342668,
              26.468811
            ],
            [
              80.342301,
              26.469
            ],
            [
              80.342163,
              26.469255
            ],
            [
              80.342163,
              26.469609
            ],
            [
              80.34198,
              26.469946
            ],
            [
              80.341722,
              26.470151
            ],
            [
              80.341272,
              26.470316
            ],
            [
              80.340896,
              26.470316
            ],
            [
              80.340391,
              26.470373
            ],
            [
              80.339757,
              26.470447
            ],
            [
              80.339233,
              26.470505
            ],
            [
              80.339426,
              26.47127
            ],
            [
              80.339665,
              26.471401
            ],
            [
              80.339821,
              26.471648
            ],
            [
              80.340078,
              26.471977
            ],
            [
              80.340262,
              26.472297
            ],
            [
              80.340492,
              26.472626
            ],
            [
              80.340694,
              26.472955
            ],
            [
              80.340831,
              26.473218
            ]
          ]
        ]
      }
    },
    {
      "type": "Feature",
      "properties": {
        "wardId": "W10",
        "wardNo": 10,
        "wardName": "Ward 10 - Chakeri",
        "zoneNo": 2,
        "source": "DataMeet Municipal Spatial Data"
      },
      "geometry": {
        "type": "Polygon",
        "coordinates": [
          [
            [
              80.443701,
              26.346158
            ],
            [
              80.443357,
              26.346312
            ],
            [
              80.442841,
              26.34662
            ],
            [
              80.442668,
              26.347083
            ],
            [
              80.442496,
              26.347237
            ],
            [
              80.442152,
              26.347546
            ],
            [
              80.442152,
              26.3477
            ],
            [
              80.441464,
              26.348317
            ],
            [
              80.440775,
              26.349016
            ],
            [
              80.439651,
              26.350254
            ],
            [
              80.439226,
              26.349297
            ],
            [
              80.438573,
              26.349542
            ],
            [
              80.438229,
              26.349696
            ],
            [
              80.437712,
              26.350005
            ],
            [
              80.437196,
              26.350159
            ],
            [
              80.436654,
              26.350508
            ],
            [
              80.435965,
              26.350817
            ],
            [
              80.435449,
              26.35128
            ],
            [
              80.434588,
              26.351588
            ],
            [
              80.434244,
              26.351588
            ],
            [
              80.4339,
              26.351897
            ],
            [
              80.433728,
              26.351897
            ],
            [
              80.433211,
              26.352051
            ],
            [
              80.432523,
              26.352359
            ],
            [
              80.432179,
              26.352822
            ],
            [
              80.43149,
              26.35313
            ],
            [
              80.431146,
              26.352976
            ],
            [
              80.430675,
              26.353343
            ],
            [
              80.429987,
              26.353806
            ],
            [
              80.42947,
              26.354269
            ],
            [
              80.429126,
              26.354423
            ],
            [
              80.428954,
              26.354732
            ],
            [
              80.42861,
              26.354732
            ],
            [
              80.428265,
              26.354705
            ],
            [
              80.428093,
              26.355013
            ],
            [
              80.427749,
              26.355167
            ],
            [
              80.427405,
              26.355167
            ],
            [
              80.427232,
              26.35563
            ],
            [
              80.426888,
              26.356093
            ],
            [
              80.426544,
              26.356401
            ],
            [
              80.426028,
              26.356864
            ],
            [
              80.425339,
              26.357327
            ],
            [
              80.424995,
              26.357635
            ],
            [
              80.424995,
              26.357944
            ],
            [
              80.424651,
              26.358098
            ],
            [
              80.424478,
              26.358252
            ],
            [
              80.424134,
              26.358406
            ],
            [
              80.42379,
              26.358561
            ],
            [
              80.422929,
              26.359023
            ],
            [
              80.422585,
              26.359332
            ],
            [
              80.422069,
              26.35964
            ],
            [
              80.421552,
              26.359949
            ],
            [
              80.420864,
              26.360411
            ],
            [
              80.420347,
              26.36072
            ],
            [
              80.419831,
              26.360874
            ],
            [
              80.419315,
              26.361182
            ],
            [
              80.418626,
              26.361645
            ],
            [
              80.417765,
              26.362108
            ],
            [
              80.417765,
              26.362262
            ],
            [
              80.417077,
              26.36257
            ],
            [
              80.416733,
              26.362879
            ],
            [
              80.416044,
              26.363033
            ],
            [
              80.415356,
              26.363496
            ],
            [
              80.414667,
              26.363804
            ],
            [
              80.413979,
              26.364113
            ],
            [
              80.41329,
              26.36473
            ],
            [
              80.412602,
              26.365192
            ],
            [
              80.41243,
              26.365192
            ],
            [
              80.411913,
              26.365501
            ],
            [
              80.411741,
              26.365655
            ],
            [
              80.411397,
              26.365655
            ],
            [
              80.411397,
              26.365963
            ],
            [
              80.411397,
              26.366272
            ],
            [
              80.411225,
              26.366272
            ],
            [
              80.41086,
              26.366481
            ],
            [
              80.410688,
              26.366635
            ],
            [
              80.410688,
              26.366943
            ],
            [
              80.410688,
              26.367098
            ],
            [
              80.410688,
              26.367252
            ],
            [
              80.410172,
              26.367715
            ],
            [
              80.41,
              26.368177
            ],
            [
              80.41,
              26.368486
            ],
            [
              80.409828,
              26.36864
            ],
            [
              80.409655,
              26.368948
            ],
            [
              80.409483,
              26.369257
            ],
            [
              80.409655,
              26.369257
            ],
            [
              80.409473,
              26.369332
            ],
            [
              80.409325,
              26.369437
            ],
            [
              80.40928,
              26.369563
            ],
            [
              80.409177,
              26.369719
            ],
            [
              80.409063,
              26.369853
            ],
            [
              80.409029,
              26.370161
            ],
            [
              80.408756,
              26.370369
            ],
            [
              80.408607,
              26.370482
            ],
            [
              80.408329,
              26.370626
            ],
            [
              80.408075,
              26.37074
            ],
            [
              80.407502,
              26.370765
            ],
            [
              80.406565,
              26.370368
            ],
            [
              80.404502,
              26.368769
            ],
            [
              80.403243,
              26.368211
            ],
            [
              80.401441,
              26.368926
            ],
            [
              80.40064,
              26.368217
            ],
            [
              80.400167,
              26.3678
            ],
            [
              80.399434,
              26.368555
            ],
            [
              80.399191,
              26.369004
            ],
            [
              80.398756,
              26.369403
            ],
            [
              80.398265,
              26.370241
            ],
            [
              80.397774,
              26.370763
            ],
            [
              80.397283,
              26.371347
            ],
            [
              80.397331,
              26.3724
            ],
            [
              80.397195,
              26.373705
            ],
            [
              80.397195,
              26.374267
            ],
            [
              80.398508,
              26.374855
            ],
            [
              80.401018,
              26.375886
            ],
            [
              80.403877,
              26.377305
            ],
            [
              80.404565,
              26.377614
            ],
            [
              80.404737,
              26.377922
            ],
            [
              80.405082,
              26.378076
            ],
            [
              80.405598,
              26.378385
            ],
            [
              80.406114,
              26.378385
            ],
            [
              80.406114,
              26.378539
            ],
            [
              80.406459,
              26.378539
            ],
            [
              80.407319,
              26.379156
            ],
            [
              80.408008,
              26.379464
            ],
            [
              80.408352,
              26.379464
            ],
            [
              80.409483,
              26.379743
            ],
            [
              80.409828,
              26.379897
            ],
            [
              80.410344,
              26.380051
            ],
            [
              80.410688,
              26.380051
            ],
            [
              80.411205,
              26.380514
            ],
            [
              80.411377,
              26.380668
            ],
            [
              80.411721,
              26.380977
            ],
            [
              80.412065,
              26.381285
            ],
            [
              80.412582,
              26.381439
            ],
            [
              80.412754,
              26.381593
            ],
            [
              80.412926,
              26.381902
            ],
            [
              80.41327,
              26.38221
            ],
            [
              80.413442,
              26.382364
            ],
            [
              80.413786,
              26.382519
            ],
            [
              80.414131,
              26.382827
            ],
            [
              80.413959,
              26.38329
            ],
            [
              80.413786,
              26.383752
            ],
            [
              80.413442,
              26.383906
            ],
            [
              80.41327,
              26.384523
            ],
            [
              80.412926,
              26.384677
            ],
            [
              80.412754,
              26.38514
            ],
            [
              80.412409,
              26.385448
            ],
            [
              80.412065,
              26.386065
            ],
            [
              80.411549,
              26.386528
            ],
            [
              80.411549,
              26.386836
            ],
            [
              80.411032,
              26.387145
            ],
            [
              80.41086,
              26.387299
            ],
            [
              80.410688,
              26.387453
            ],
            [
              80.410344,
              26.38807
            ],
            [
              80.410172,
              26.38807
            ],
            [
              80.409655,
              26.388687
            ],
            [
              80.409483,
              26.389149
            ],
            [
              80.409139,
              26.389766
            ],
            [
              80.408623,
              26.390228
            ],
            [
              80.408106,
              26.390845
            ],
            [
              80.40759,
              26.391308
            ],
            [
              80.407246,
              26.392079
            ],
            [
              80.406729,
              26.392387
            ],
            [
              80.406213,
              26.39285
            ],
            [
              80.405524,
              26.393621
            ],
            [
              80.405352,
              26.393775
            ],
            [
              80.404836,
              26.394391
            ],
            [
              80.404836,
              26.394546
            ],
            [
              80.404319,
              26.394854
            ],
            [
              80.403975,
              26.395471
            ],
            [
              80.404147,
              26.395779
            ],
            [
              80.404147,
              26.395933
            ],
            [
              80.404664,
              26.396242
            ],
            [
              80.404664,
              26.396396
            ],
            [
              80.404319,
              26.396704
            ],
            [
              80.404147,
              26.397013
            ],
            [
              80.404147,
              26.397784
            ],
            [
              80.404147,
              26.3984
            ],
            [
              80.403975,
              26.399017
            ],
            [
              80.403975,
              26.399479
            ],
            [
              80.403975,
              26.399942
            ],
            [
              80.403975,
              26.40025
            ],
            [
              80.404147,
              26.400713
            ],
            [
              80.404147,
              26.401021
            ],
            [
              80.404319,
              26.401021
            ],
            [
              80.404836,
              26.401021
            ],
            [
              80.405524,
              26.401021
            ],
            [
              80.406041,
              26.401021
            ],
            [
              80.407073,
              26.401175
            ],
            [
              80.40759,
              26.401175
            ],
            [
              80.408106,
              26.401175
            ],
            [
              80.409422,
              26.401144
            ],
            [
              80.409767,
              26.400835
            ],
            [
              80.409767,
              26.400527
            ],
            [
              80.409767,
              26.400373
            ],
            [
              80.409767,
              26.39991
            ],
            [
              80.409939,
              26.399448
            ],
            [
              80.409139,
              26.398554
            ],
            [
              80.408967,
              26.398092
            ],
            [
              80.408967,
              26.397938
            ],
            [
              80.409139,
              26.397321
            ],
            [
              80.409311,
              26.396704
            ],
            [
              80.409655,
              26.396242
            ],
            [
              80.410344,
              26.396088
            ],
            [
              80.410688,
              26.395933
            ],
            [
              80.411377,
              26.396088
            ],
            [
              80.411893,
              26.396242
            ],
            [
              80.412409,
              26.39655
            ],
            [
              80.412582,
              26.396858
            ],
            [
              80.41327,
              26.397167
            ],
            [
              80.413614,
              26.397629
            ],
            [
              80.413959,
              26.397938
            ],
            [
              80.414647,
              26.3984
            ],
            [
              80.415336,
              26.398863
            ],
            [
              80.415508,
              26.399479
            ],
            [
              80.415852,
              26.400096
            ],
            [
              80.416196,
              26.400559
            ],
            [
              80.416541,
              26.401175
            ],
            [
              80.416713,
              26.401484
            ],
            [
              80.417057,
              26.401792
            ],
            [
              80.417401,
              26.402409
            ],
            [
              80.417918,
              26.402717
            ],
            [
              80.41809,
              26.403025
            ],
            [
              80.418262,
              26.40318
            ],
            [
              80.418778,
              26.403488
            ],
            [
              80.419295,
              26.403025
            ],
            [
              80.419811,
              26.402717
            ],
            [
              80.420155,
              26.402563
            ],
            [
              80.420499,
              26.4021
            ],
            [
              80.42136,
              26.401484
            ],
            [
              80.421704,
              26.401484
            ],
            [
              80.422221,
              26.401175
            ],
            [
              80.422909,
              26.401175
            ],
            [
              80.423426,
              26.401175
            ],
            [
              80.423942,
              26.401021
            ],
            [
              80.425147,
              26.401175
            ],
            [
              80.425491,
              26.401175
            ],
            [
              80.425835,
              26.401175
            ],
            [
              80.426524,
              26.401175
            ],
            [
              80.427212,
              26.401175
            ],
            [
              80.427901,
              26.401175
            ],
            [
              80.428762,
              26.401175
            ],
            [
              80.430386,
              26.401085
            ],
            [
              80.430903,
              26.401085
            ],
            [
              80.431591,
              26.401239
            ],
            [
              80.432108,
              26.401547
            ],
            [
              80.432624,
              26.402164
            ],
            [
              80.432624,
              26.402627
            ],
            [
              80.432624,
              26.403397
            ],
            [
              80.432796,
              26.403706
            ],
            [
              80.432796,
              26.404014
            ],
            [
              80.432624,
              26.404631
            ],
            [
              80.432624,
              26.405093
            ],
            [
              80.432452,
              26.405402
            ],
            [
              80.432452,
              26.40571
            ],
            [
              80.432452,
              26.406018
            ],
            [
              80.431936,
              26.406327
            ],
            [
              80.431936,
              26.406481
            ],
            [
              80.431419,
              26.406481
            ],
            [
              80.430994,
              26.406562
            ],
            [
              80.430558,
              26.40693
            ],
            [
              80.429779,
              26.406798
            ],
            [
              80.428245,
              26.40688
            ],
            [
              80.427729,
              26.40688
            ],
            [
              80.427385,
              26.406726
            ],
            [
              80.42618,
              26.406726
            ],
            [
              80.425182,
              26.406667
            ],
            [
              80.424666,
              26.406667
            ],
            [
              80.423978,
              26.406821
            ],
            [
              80.423426,
              26.407188
            ],
            [
              80.423081,
              26.407496
            ],
            [
              80.422565,
              26.407651
            ],
            [
              80.422221,
              26.407959
            ],
            [
              80.421876,
              26.408421
            ],
            [
              80.421876,
              26.408576
            ],
            [
              80.421876,
              26.409192
            ],
            [
              80.421876,
              26.409346
            ],
            [
              80.421876,
              26.409809
            ],
            [
              80.421876,
              26.410734
            ],
            [
              80.421876,
              26.411042
            ],
            [
              80.42136,
              26.411813
            ],
            [
              80.421188,
              26.412121
            ],
            [
              80.421016,
              26.412276
            ],
            [
              80.420672,
              26.41243
            ],
            [
              80.420327,
              26.412738
            ],
            [
              80.419811,
              26.412892
            ],
            [
              80.419295,
              26.412892
            ],
            [
              80.418606,
              26.413663
            ],
            [
              80.418606,
              26.413971
            ],
            [
              80.418606,
              26.414896
            ],
            [
              80.418606,
              26.415359
            ],
            [
              80.418606,
              26.415513
            ],
            [
              80.41809,
              26.415513
            ],
            [
              80.417745,
              26.415975
            ],
            [
              80.417573,
              26.415975
            ],
            [
              80.417401,
              26.416284
            ],
            [
              80.416541,
              26.416746
            ],
            [
              80.416196,
              26.4169
            ],
            [
              80.415508,
              26.417054
            ],
            [
              80.414131,
              26.417209
            ],
            [
              80.414151,
              26.41758
            ],
            [
              80.414515,
              26.418156
            ],
            [
              80.41495,
              26.418315
            ],
            [
              80.415158,
              26.419031
            ],
            [
              80.415128,
              26.419721
            ],
            [
              80.415644,
              26.420337
            ],
            [
              80.415472,
              26.421108
            ],
            [
              80.415472,
              26.421725
            ],
            [
              80.414784,
              26.422649
            ],
            [
              80.414095,
              26.423728
            ],
            [
              80.412521,
              26.424241
            ],
            [
              80.412394,
              26.424921
            ],
            [
              80.412566,
              26.425229
            ],
            [
              80.413255,
              26.426308
            ],
            [
              80.413427,
              26.426771
            ],
            [
              80.414206,
              26.42601
            ],
            [
              80.415417,
              26.425878
            ],
            [
              80.416885,
              26.425533
            ],
            [
              80.41809,
              26.423991
            ],
            [
              80.420672,
              26.421371
            ],
            [
              80.422737,
              26.420446
            ],
            [
              80.426696,
              26.417054
            ],
            [
              80.431171,
              26.415205
            ],
            [
              80.434098,
              26.413817
            ],
            [
              80.436852,
              26.411813
            ],
            [
              80.439677,
              26.409523
            ],
            [
              80.442168,
              26.408775
            ],
            [
              80.444425,
              26.408113
            ],
            [
              80.445458,
              26.407188
            ],
            [
              80.447524,
              26.406571
            ],
            [
              80.449584,
              26.404803
            ],
            [
              80.45537,
              26.400391
            ],
            [
              80.462043,
              26.395326
            ],
            [
              80.467192,
              26.391457
            ],
            [
              80.47152,
              26.388292
            ],
            [
              80.47236,
              26.387349
            ],
            [
              80.471662,
              26.385811
            ],
            [
              80.472102,
              26.385298
            ],
            [
              80.473479,
              26.383756
            ],
            [
              80.472619,
              26.382369
            ],
            [
              80.471105,
              26.379897
            ],
            [
              80.471449,
              26.378201
            ],
            [
              80.471363,
              26.377911
            ],
            [
              80.471879,
              26.376368
            ],
            [
              80.471707,
              26.375752
            ],
            [
              80.470502,
              26.375752
            ],
            [
              80.469642,
              26.376677
            ],
            [
              80.469206,
              26.376804
            ],
            [
              80.468437,
              26.376831
            ],
            [
              80.467404,
              26.376677
            ],
            [
              80.466806,
              26.376808
            ],
            [
              80.466199,
              26.37714
            ],
            [
              80.465338,
              26.377911
            ],
            [
              80.464306,
              26.377602
            ],
            [
              80.462671,
              26.375271
            ],
            [
              80.460712,
              26.373398
            ],
            [
              80.46021,
              26.371407
            ],
            [
              80.459228,
              26.370953
            ],
            [
              80.457598,
              26.36908
            ],
            [
              80.460909,
              26.367397
            ],
            [
              80.460564,
              26.36678
            ],
            [
              80.457628,
              26.364598
            ],
            [
              80.457436,
              26.363718
            ],
            [
              80.455461,
              26.361808
            ],
            [
              80.456449,
              26.361377
            ],
            [
              80.454951,
              26.359853
            ],
            [
              80.452515,
              26.358066
            ],
            [
              80.45045,
              26.355993
            ],
            [
              80.449057,
              26.353371
            ],
            [
              80.448556,
              26.35152
            ],
            [
              80.447666,
              26.350322
            ],
            [
              80.447983,
              26.349792
            ],
            [
              80.44845,
              26.349216
            ],
            [
              80.449194,
              26.348702
            ],
            [
              80.447128,
              26.347931
            ],
            [
              80.443701,
              26.346158
            ]
          ]
        ]
      }
    },
    {
      "type": "Feature",
      "properties": {
        "wardId": "W19",
        "wardNo": 19,
        "wardName": "Ward 19 - Sanigawan",
        "zoneNo": 2,
        "source": "DataMeet Municipal Spatial Data"
      },
      "geometry": {
        "type": "Polygon",
        "coordinates": [
          [
            [
              80.439079,
              26.349235
            ],
            [
              80.439165,
              26.349467
            ],
            [
              80.438563,
              26.34885
            ],
            [
              80.438132,
              26.348773
            ],
            [
              80.437702,
              26.348541
            ],
            [
              80.437272,
              26.34831
            ],
            [
              80.4371,
              26.348156
            ],
            [
              80.436755,
              26.34777
            ],
            [
              80.436411,
              26.347307
            ],
            [
              80.436411,
              26.34669
            ],
            [
              80.436239,
              26.346459
            ],
            [
              80.435636,
              26.346459
            ],
            [
              80.434776,
              26.346613
            ],
            [
              80.434259,
              26.346767
            ],
            [
              80.433829,
              26.346922
            ],
            [
              80.433055,
              26.347307
            ],
            [
              80.432538,
              26.347616
            ],
            [
              80.432022,
              26.34777
            ],
            [
              80.430989,
              26.348464
            ],
            [
              80.430387,
              26.34885
            ],
            [
              80.429789,
              26.348984
            ],
            [
              80.429387,
              26.349054
            ],
            [
              80.428923,
              26.350161
            ],
            [
              80.428407,
              26.350547
            ],
            [
              80.42746,
              26.350778
            ],
            [
              80.42703,
              26.350855
            ],
            [
              80.426514,
              26.351086
            ],
            [
              80.425911,
              26.351395
            ],
            [
              80.425223,
              26.351395
            ],
            [
              80.424448,
              26.351549
            ],
            [
              80.424448,
              26.351163
            ],
            [
              80.424362,
              26.350701
            ],
            [
              80.424104,
              26.350315
            ],
            [
              80.42376,
              26.34993
            ],
            [
              80.423633,
              26.349401
            ],
            [
              80.423157,
              26.349158
            ],
            [
              80.422641,
              26.348464
            ],
            [
              80.422469,
              26.348233
            ],
            [
              80.421952,
              26.347924
            ],
            [
              80.42221,
              26.347539
            ],
            [
              80.421436,
              26.34723
            ],
            [
              80.420489,
              26.347462
            ],
            [
              80.419887,
              26.346459
            ],
            [
              80.419887,
              26.345534
            ],
            [
              80.419887,
              26.344608
            ],
            [
              80.419973,
              26.344145
            ],
            [
              80.419973,
              26.34376
            ],
            [
              80.419284,
              26.343451
            ],
            [
              80.418682,
              26.34322
            ],
            [
              80.418079,
              26.342834
            ],
            [
              80.418079,
              26.342448
            ],
            [
              80.418424,
              26.342294
            ],
            [
              80.41851,
              26.341831
            ],
            [
              80.41851,
              26.341446
            ],
            [
              80.41851,
              26.341137
            ],
            [
              80.417993,
              26.341137
            ],
            [
              80.417477,
              26.340829
            ],
            [
              80.417305,
              26.34052
            ],
            [
              80.417133,
              26.340289
            ],
            [
              80.416788,
              26.339903
            ],
            [
              80.416186,
              26.339595
            ],
            [
              80.415239,
              26.339595
            ],
            [
              80.414637,
              26.339903
            ],
            [
              80.414034,
              26.340289
            ],
            [
              80.413518,
              26.34052
            ],
            [
              80.413088,
              26.340752
            ],
            [
              80.412743,
              26.340366
            ],
            [
              80.412657,
              26.33998
            ],
            [
              80.413174,
              26.339749
            ],
            [
              80.413174,
              26.339518
            ],
            [
              80.413002,
              26.339209
            ],
            [
              80.412485,
              26.339209
            ],
            [
              80.412141,
              26.339209
            ],
            [
              80.412141,
              26.338978
            ],
            [
              80.411969,
              26.338901
            ],
            [
              80.411539,
              26.338823
            ],
            [
              80.411022,
              26.338823
            ],
            [
              80.41085,
              26.338901
            ],
            [
              80.410592,
              26.338901
            ],
            [
              80.410592,
              26.338515
            ],
            [
              80.41042,
              26.338129
            ],
            [
              80.410248,
              26.337898
            ],
            [
              80.409989,
              26.337435
            ],
            [
              80.409731,
              26.337127
            ],
            [
              80.409301,
              26.336587
            ],
            [
              80.409129,
              26.33597
            ],
            [
              80.408957,
              26.335584
            ],
            [
              80.408526,
              26.335044
            ],
            [
              80.40801,
              26.335815
            ],
            [
              80.407494,
              26.33543
            ],
            [
              80.407494,
              26.334967
            ],
            [
              80.406891,
              26.335044
            ],
            [
              80.406289,
              26.335584
            ],
            [
              80.40603,
              26.335893
            ],
            [
              80.405428,
              26.335661
            ],
            [
              80.40474,
              26.336355
            ],
            [
              80.404223,
              26.336664
            ],
            [
              80.403793,
              26.336972
            ],
            [
              80.403104,
              26.337667
            ],
            [
              80.402937,
              26.337427
            ],
            [
              80.402593,
              26.337658
            ],
            [
              80.401646,
              26.338506
            ],
            [
              80.400441,
              26.339278
            ],
            [
              80.39958,
              26.339895
            ],
            [
              80.399236,
              26.340512
            ],
            [
              80.398031,
              26.340666
            ],
            [
              80.396346,
              26.341927
            ],
            [
              80.396184,
              26.343363
            ],
            [
              80.396032,
              26.344177
            ],
            [
              80.396032,
              26.344794
            ],
            [
              80.395946,
              26.345951
            ],
            [
              80.396118,
              26.346799
            ],
            [
              80.39586,
              26.347493
            ],
            [
              80.395344,
              26.347956
            ],
            [
              80.394827,
              26.348419
            ],
            [
              80.394569,
              26.349499
            ],
            [
              80.394311,
              26.35027
            ],
            [
              80.394225,
              26.351118
            ],
            [
              80.394311,
              26.351658
            ],
            [
              80.394569,
              26.352275
            ],
            [
              80.394741,
              26.353123
            ],
            [
              80.394827,
              26.353586
            ],
            [
              80.394569,
              26.354203
            ],
            [
              80.394483,
              26.354434
            ],
            [
              80.394741,
              26.355206
            ],
            [
              80.39543,
              26.3559
            ],
            [
              80.395688,
              26.356594
            ],
            [
              80.395946,
              26.357211
            ],
            [
              80.395257,
              26.358213
            ],
            [
              80.394913,
              26.358753
            ],
            [
              80.394741,
              26.359524
            ],
            [
              80.394741,
              26.359987
            ],
            [
              80.393966,
              26.359678
            ],
            [
              80.392848,
              26.35937
            ],
            [
              80.392676,
              26.359293
            ],
            [
              80.392331,
              26.359987
            ],
            [
              80.39181,
              26.360409
            ],
            [
              80.391177,
              26.360191
            ],
            [
              80.391306,
              26.359806
            ],
            [
              80.390618,
              26.360885
            ],
            [
              80.390187,
              26.360885
            ],
            [
              80.389929,
              26.360962
            ],
            [
              80.38924,
              26.361425
            ],
            [
              80.388638,
              26.362119
            ],
            [
              80.387777,
              26.36289
            ],
            [
              80.387261,
              26.363199
            ],
            [
              80.386831,
              26.363276
            ],
            [
              80.3864,
              26.363276
            ],
            [
              80.385712,
              26.363199
            ],
            [
              80.385368,
              26.36343
            ],
            [
              80.384765,
              26.363661
            ],
            [
              80.384507,
              26.363353
            ],
            [
              80.383818,
              26.362967
            ],
            [
              80.383388,
              26.363199
            ],
            [
              80.383044,
              26.363507
            ],
            [
              80.382441,
              26.363353
            ],
            [
              80.381237,
              26.363507
            ],
            [
              80.380462,
              26.363661
            ],
            [
              80.379773,
              26.363353
            ],
            [
              80.378483,
              26.364201
            ],
            [
              80.378052,
              26.364895
            ],
            [
              80.377708,
              26.365204
            ],
            [
              80.377192,
              26.365281
            ],
            [
              80.376417,
              26.365281
            ],
            [
              80.375987,
              26.365975
            ],
            [
              80.375728,
              26.366669
            ],
            [
              80.375298,
              26.367517
            ],
            [
              80.374696,
              26.368057
            ],
            [
              80.373749,
              26.368596
            ],
            [
              80.373147,
              26.368365
            ],
            [
              80.372458,
              26.368751
            ],
            [
              80.371856,
              26.368905
            ],
            [
              80.370995,
              26.369059
            ],
            [
              80.370565,
              26.369522
            ],
            [
              80.36936,
              26.369984
            ],
            [
              80.368757,
              26.370061
            ],
            [
              80.367897,
              26.37037
            ],
            [
              80.367466,
              26.370755
            ],
            [
              80.366261,
              26.370987
            ],
            [
              80.365487,
              26.371604
            ],
            [
              80.364282,
              26.372143
            ],
            [
              80.363593,
              26.372529
            ],
            [
              80.362819,
              26.372914
            ],
            [
              80.361872,
              26.373454
            ],
            [
              80.361528,
              26.373686
            ],
            [
              80.361406,
              26.37282
            ],
            [
              80.360976,
              26.373514
            ],
            [
              80.360976,
              26.374131
            ],
            [
              80.361148,
              26.374593
            ],
            [
              80.361234,
              26.374902
            ],
            [
              80.361234,
              26.375287
            ],
            [
              80.361406,
              26.376058
            ],
            [
              80.361406,
              26.376675
            ],
            [
              80.361578,
              26.377061
            ],
            [
              80.361837,
              26.377446
            ],
            [
              80.361406,
              26.377832
            ],
            [
              80.361665,
              26.378603
            ],
            [
              80.36132,
              26.379219
            ],
            [
              80.360976,
              26.379682
            ],
            [
              80.360804,
              26.380222
            ],
            [
              80.360546,
              26.380761
            ],
            [
              80.360546,
              26.381455
            ],
            [
              80.360374,
              26.382226
            ],
            [
              80.360374,
              26.382766
            ],
            [
              80.360201,
              26.383383
            ],
            [
              80.360414,
              26.384693
            ],
            [
              80.360844,
              26.385002
            ],
            [
              80.361275,
              26.385387
            ],
            [
              80.361447,
              26.385773
            ],
            [
              80.361963,
              26.386235
            ],
            [
              80.362394,
              26.386698
            ],
            [
              80.36291,
              26.38716
            ],
            [
              80.363254,
              26.387623
            ],
            [
              80.363685,
              26.388163
            ],
            [
              80.364201,
              26.388625
            ],
            [
              80.364889,
              26.389011
            ],
            [
              80.365406,
              26.38955
            ],
            [
              80.365836,
              26.389936
            ],
            [
              80.366439,
              26.389936
            ],
            [
              80.366525,
              26.390244
            ],
            [
              80.366783,
              26.390938
            ],
            [
              80.367345,
              26.391015
            ],
            [
              80.367947,
              26.392018
            ],
            [
              80.368636,
              26.39248
            ],
            [
              80.369066,
              26.39302
            ],
            [
              80.369927,
              26.394253
            ],
            [
              80.370787,
              26.39487
            ],
            [
              80.37139,
              26.395564
            ],
            [
              80.372014,
              26.395988
            ],
            [
              80.372358,
              26.396219
            ],
            [
              80.372874,
              26.396219
            ],
            [
              80.373305,
              26.396296
            ],
            [
              80.373907,
              26.396373
            ],
            [
              80.374337,
              26.396296
            ],
            [
              80.374682,
              26.396605
            ],
            [
              80.375198,
              26.397144
            ],
            [
              80.375628,
              26.397684
            ],
            [
              80.376145,
              26.398147
            ],
            [
              80.376661,
              26.39884
            ],
            [
              80.377178,
              26.399303
            ],
            [
              80.377608,
              26.399997
            ],
            [
              80.377866,
              26.400459
            ],
            [
              80.378296,
              26.400922
            ],
            [
              80.378727,
              26.401538
            ],
            [
              80.378985,
              26.402078
            ],
            [
              80.379501,
              26.402695
            ],
            [
              80.380018,
              26.403311
            ],
            [
              80.379759,
              26.403851
            ],
            [
              80.379071,
              26.404391
            ],
            [
              80.379587,
              26.404699
            ],
            [
              80.380104,
              26.405161
            ],
            [
              80.38062,
              26.40547
            ],
            [
              80.380792,
              26.405855
            ],
            [
              80.381223,
              26.406395
            ],
            [
              80.381567,
              26.406626
            ],
            [
              80.382508,
              26.406
            ],
            [
              80.383024,
              26.405411
            ],
            [
              80.383364,
              26.404949
            ],
            [
              80.384285,
              26.404296
            ],
            [
              80.385576,
              26.403176
            ],
            [
              80.386892,
              26.401761
            ],
            [
              80.388314,
              26.400451
            ],
            [
              80.389433,
              26.399494
            ],
            [
              80.390517,
              26.398573
            ],
            [
              80.391625,
              26.397099
            ],
            [
              80.392982,
              26.395616
            ],
            [
              80.395447,
              26.393386
            ],
            [
              80.396829,
              26.391703
            ],
            [
              80.39813,
              26.390746
            ],
            [
              80.399507,
              26.389205
            ],
            [
              80.401557,
              26.387137
            ],
            [
              80.399676,
              26.390776
            ],
            [
              80.397066,
              26.394827
            ],
            [
              80.395903,
              26.397759
            ],
            [
              80.396131,
              26.400976
            ],
            [
              80.397219,
              26.402362
            ],
            [
              80.40189,
              26.39831
            ],
            [
              80.407557,
              26.391502
            ],
            [
              80.414707,
              26.383155
            ],
            [
              80.413109,
              26.382155
            ],
            [
              80.411333,
              26.380854
            ],
            [
              80.409309,
              26.379739
            ],
            [
              80.408288,
              26.379534
            ],
            [
              80.407165,
              26.37904
            ],
            [
              80.405789,
              26.378482
            ],
            [
              80.406502,
              26.378761
            ],
            [
              80.405196,
              26.377938
            ],
            [
              80.404442,
              26.377544
            ],
            [
              80.403576,
              26.377036
            ],
            [
              80.402817,
              26.376682
            ],
            [
              80.401795,
              26.376446
            ],
            [
              80.400924,
              26.375898
            ],
            [
              80.400044,
              26.37558
            ],
            [
              80.399244,
              26.375267
            ],
            [
              80.398217,
              26.374732
            ],
            [
              80.397189,
              26.374347
            ],
            [
              80.397209,
              26.373018
            ],
            [
              80.397209,
              26.371808
            ],
            [
              80.397199,
              26.371177
            ],
            [
              80.398156,
              26.370257
            ],
            [
              80.399057,
              26.369155
            ],
            [
              80.400024,
              26.367813
            ],
            [
              80.401234,
              26.368888
            ],
            [
              80.402074,
              26.368484
            ],
            [
              80.403152,
              26.368171
            ],
            [
              80.404614,
              26.368924
            ],
            [
              80.405495,
              26.369631
            ],
            [
              80.406704,
              26.370446
            ],
            [
              80.407423,
              26.370872
            ],
            [
              80.407717,
              26.370918
            ],
            [
              80.408456,
              26.370441
            ],
            [
              80.408871,
              26.370206
            ],
            [
              80.409038,
              26.369969
            ],
            [
              80.409185,
              26.369761
            ],
            [
              80.409473,
              26.36962
            ],
            [
              80.409473,
              26.369157
            ],
            [
              80.409731,
              26.368617
            ],
            [
              80.409989,
              26.368155
            ],
            [
              80.410334,
              26.367384
            ],
            [
              80.41085,
              26.366767
            ],
            [
              80.41085,
              26.365996
            ],
            [
              80.411437,
              26.366023
            ],
            [
              80.411609,
              26.365637
            ],
            [
              80.411609,
              26.365329
            ],
            [
              80.412252,
              26.365097
            ],
            [
              80.412769,
              26.364866
            ],
            [
              80.413199,
              26.364712
            ],
            [
              80.413543,
              26.364403
            ],
            [
              80.413887,
              26.364095
            ],
            [
              80.414662,
              26.363709
            ],
            [
              80.414834,
              26.363478
            ],
            [
              80.415609,
              26.363169
            ],
            [
              80.416469,
              26.362707
            ],
            [
              80.417072,
              26.362398
            ],
            [
              80.41776,
              26.361936
            ],
            [
              80.418277,
              26.361704
            ],
            [
              80.419223,
              26.361242
            ],
            [
              80.4206,
              26.360316
            ],
            [
              80.421375,
              26.359931
            ],
            [
              80.421927,
              26.359926
            ],
            [
              80.422271,
              26.359694
            ],
            [
              80.423476,
              26.359232
            ],
            [
              80.424164,
              26.358692
            ],
            [
              80.424767,
              26.357998
            ],
            [
              80.425455,
              26.357381
            ],
            [
              80.42623,
              26.356841
            ],
            [
              80.427005,
              26.356224
            ],
            [
              80.427177,
              26.355839
            ],
            [
              80.427607,
              26.35553
            ],
            [
              80.428123,
              26.355067
            ],
            [
              80.42907,
              26.354373
            ],
            [
              80.430533,
              26.353602
            ],
            [
              80.431136,
              26.353062
            ],
            [
              80.432173,
              26.352895
            ],
            [
              80.432346,
              26.352586
            ],
            [
              80.432862,
              26.352355
            ],
            [
              80.433378,
              26.352046
            ],
            [
              80.435529,
              26.351362
            ],
            [
              80.436045,
              26.350899
            ],
            [
              80.43682,
              26.350667
            ],
            [
              80.437509,
              26.350205
            ],
            [
              80.438111,
              26.349896
            ],
            [
              80.438886,
              26.349511
            ],
            [
              80.437616,
              26.34849
            ],
            [
              80.438304,
              26.348336
            ],
            [
              80.438279,
              26.348921
            ],
            [
              80.438619,
              26.348839
            ],
            [
              80.439251,
              26.349582
            ],
            [
              80.439079,
              26.349235
            ]
          ]
        ]
      }
    },
    {
      "type": "Feature",
      "properties": {
        "wardId": "W53",
        "wardNo": 53,
        "wardName": "Ward 53 - Daheli Sujanpur KDA Colony",
        "zoneNo": 2,
        "source": "Kanpur Nagar Nigam / DataMeet GIS (Precision Verified)"
      },
      "geometry": {
        "type": "Polygon",
        "coordinates": [
          [
            [
              80.351,
              26.4075
            ],
            [
              80.356,
              26.4075
            ],
            [
              80.362,
              26.407
            ],
            [
              80.368,
              26.407
            ],
            [
              80.3725,
              26.406
            ],
            [
              80.3765,
              26.404
            ],
            [
              80.38,
              26.4025
            ],
            [
              80.3795,
              26.3965
            ],
            [
              80.3745,
              26.3925
            ],
            [
              80.3685,
              26.388
            ],
            [
              80.3635,
              26.3845
            ],
            [
              80.358,
              26.3855
            ],
            [
              80.3535,
              26.3885
            ],
            [
              80.3525,
              26.394
            ],
            [
              80.35,
              26.4
            ],
            [
              80.351,
              26.4075
            ]
          ]
        ]
      }
    },
    {
      "type": "Feature",
      "properties": {
        "wardId": "W67",
        "wardNo": 67,
        "wardName": "Ward 67 - Yashoda Nagar East",
        "zoneNo": 2,
        "source": "DataMeet Municipal Spatial Data"
      },
      "geometry": {
        "type": "Polygon",
        "coordinates": [
          [
            [
              80.353967,
              26.385943
            ],
            [
              80.353354,
              26.386112
            ],
            [
              80.352411,
              26.386281
            ],
            [
              80.351656,
              26.386661
            ],
            [
              80.350808,
              26.386872
            ],
            [
              80.350147,
              26.387041
            ],
            [
              80.349912,
              26.386492
            ],
            [
              80.349912,
              26.386154
            ],
            [
              80.349912,
              26.385689
            ],
            [
              80.349865,
              26.385098
            ],
            [
              80.349817,
              26.384718
            ],
            [
              80.349535,
              26.384253
            ],
            [
              80.34911,
              26.384591
            ],
            [
              80.348922,
              26.384802
            ],
            [
              80.348639,
              26.38514
            ],
            [
              80.348167,
              26.38514
            ],
            [
              80.347413,
              26.385267
            ],
            [
              80.346894,
              26.38552
            ],
            [
              80.346281,
              26.385858
            ],
            [
              80.345668,
              26.386154
            ],
            [
              80.345197,
              26.386576
            ],
            [
              80.344584,
              26.387041
            ],
            [
              80.344112,
              26.38759
            ],
            [
              80.343971,
              26.388054
            ],
            [
              80.343594,
              26.388646
            ],
            [
              80.343311,
              26.389026
            ],
            [
              80.343028,
              26.389533
            ],
            [
              80.342839,
              26.389828
            ],
            [
              80.343169,
              26.390251
            ],
            [
              80.343594,
              26.390758
            ],
            [
              80.344018,
              26.391095
            ],
            [
              80.344395,
              26.391644
            ],
            [
              80.344725,
              26.392025
            ],
            [
              80.345008,
              26.392447
            ],
            [
              80.345197,
              26.3927
            ],
            [
              80.344961,
              26.392996
            ],
            [
              80.34449,
              26.393334
            ],
            [
              80.344112,
              26.393545
            ],
            [
              80.343688,
              26.393883
            ],
            [
              80.343594,
              26.394559
            ],
            [
              80.343641,
              26.395277
            ],
            [
              80.343641,
              26.395868
            ],
            [
              80.343735,
              26.396459
            ],
            [
              80.343735,
              26.396797
            ],
            [
              80.343358,
              26.396966
            ],
            [
              80.343169,
              26.397177
            ],
            [
              80.342745,
              26.397388
            ],
            [
              80.342604,
              26.39798
            ],
            [
              80.342038,
              26.398233
            ],
            [
              80.341425,
              26.398402
            ],
            [
              80.340859,
              26.398782
            ],
            [
              80.340199,
              26.399204
            ],
            [
              80.339775,
              26.399627
            ],
            [
              80.339539,
              26.399796
            ],
            [
              80.339067,
              26.400049
            ],
            [
              80.338926,
              26.40026
            ],
            [
              80.338596,
              26.400513
            ],
            [
              80.338832,
              26.400809
            ],
            [
              80.339067,
              26.401189
            ],
            [
              80.33935,
              26.401569
            ],
            [
              80.339539,
              26.401738
            ],
            [
              80.339256,
              26.402076
            ],
            [
              80.33902,
              26.402329
            ],
            [
              80.338879,
              26.402456
            ],
            [
              80.338455,
              26.40271
            ],
            [
              80.338124,
              26.40309
            ],
            [
              80.337794,
              26.403216
            ],
            [
              80.337512,
              26.403596
            ],
            [
              80.337181,
              26.403765
            ],
            [
              80.336804,
              26.404103
            ],
            [
              80.337087,
              26.40461
            ],
            [
              80.337417,
              26.40499
            ],
            [
              80.337889,
              26.40537
            ],
            [
              80.338313,
              26.40575
            ],
            [
              80.338643,
              26.406088
            ],
            [
              80.338926,
              26.406341
            ],
            [
              80.339256,
              26.406637
            ],
            [
              80.339539,
              26.406933
            ],
            [
              80.339822,
              26.407228
            ],
            [
              80.339869,
              26.407355
            ],
            [
              80.33935,
              26.407819
            ],
            [
              80.338879,
              26.40803
            ],
            [
              80.338502,
              26.408326
            ],
            [
              80.338172,
              26.408664
            ],
            [
              80.337606,
              26.40896
            ],
            [
              80.337323,
              26.409213
            ],
            [
              80.336899,
              26.409466
            ],
            [
              80.336427,
              26.409762
            ],
            [
              80.336003,
              26.410015
            ],
            [
              80.335578,
              26.410395
            ],
            [
              80.335107,
              26.410649
            ],
            [
              80.334683,
              26.410902
            ],
            [
              80.334353,
              26.411282
            ],
            [
              80.333834,
              26.411535
            ],
            [
              80.333457,
              26.411747
            ],
            [
              80.333032,
              26.412042
            ],
            [
              80.332608,
              26.412296
            ],
            [
              80.332278,
              26.412549
            ],
            [
              80.331901,
              26.41276
            ],
            [
              80.331429,
              26.412971
            ],
            [
              80.331052,
              26.413225
            ],
            [
              80.330533,
              26.413562
            ],
            [
              80.330109,
              26.413858
            ],
            [
              80.329779,
              26.413985
            ],
            [
              80.329543,
              26.414238
            ],
            [
              80.32926,
              26.414449
            ],
            [
              80.329025,
              26.41466
            ],
            [
              80.329056,
              26.414548
            ],
            [
              80.328962,
              26.414548
            ],
            [
              80.328866,
              26.415075
            ],
            [
              80.329102,
              26.415201
            ],
            [
              80.329526,
              26.415455
            ],
            [
              80.329715,
              26.415581
            ],
            [
              80.329904,
              26.41575
            ],
            [
              80.330281,
              26.415919
            ],
            [
              80.330422,
              26.416046
            ],
            [
              80.330894,
              26.416384
            ],
            [
              80.331259,
              26.41651
            ],
            [
              80.331649,
              26.416659
            ],
            [
              80.331914,
              26.416921
            ],
            [
              80.332356,
              26.417166
            ],
            [
              80.332781,
              26.417461
            ],
            [
              80.333111,
              26.41763
            ],
            [
              80.333346,
              26.417842
            ],
            [
              80.334047,
              26.417598
            ],
            [
              80.334424,
              26.417514
            ],
            [
              80.334942,
              26.417387
            ],
            [
              80.335555,
              26.41705
            ],
            [
              80.33598,
              26.416923
            ],
            [
              80.336593,
              26.416796
            ],
            [
              80.337206,
              26.416458
            ],
            [
              80.337577,
              26.416586
            ],
            [
              80.338221,
              26.41654
            ],
            [
              80.3391,
              26.416459
            ],
            [
              80.339563,
              26.416163
            ],
            [
              80.33994,
              26.416078
            ],
            [
              80.340647,
              26.415952
            ],
            [
              80.341072,
              26.415825
            ],
            [
              80.341543,
              26.415614
            ],
            [
              80.342203,
              26.415445
            ],
            [
              80.342581,
              26.415276
            ],
            [
              80.342566,
              26.414953
            ],
            [
              80.342556,
              26.415125
            ],
            [
              80.342745,
              26.414449
            ],
            [
              80.343169,
              26.414069
            ],
            [
              80.343499,
              26.413647
            ],
            [
              80.343688,
              26.413182
            ],
            [
              80.344018,
              26.412718
            ],
            [
              80.34416,
              26.412507
            ],
            [
              80.344481,
              26.411999
            ],
            [
              80.345054,
              26.411585
            ],
            [
              80.345617,
              26.411327
            ],
            [
              80.346135,
              26.411032
            ],
            [
              80.347031,
              26.41061
            ],
            [
              80.347456,
              26.410483
            ],
            [
              80.348304,
              26.410103
            ],
            [
              80.349042,
              26.409693
            ],
            [
              80.349577,
              26.409301
            ],
            [
              80.350289,
              26.40934
            ],
            [
              80.35109,
              26.408748
            ],
            [
              80.351751,
              26.408495
            ],
            [
              80.352505,
              26.408157
            ],
            [
              80.353591,
              26.407511
            ],
            [
              80.353354,
              26.407735
            ],
            [
              80.353495,
              26.407629
            ],
            [
              80.353595,
              26.407168
            ],
            [
              80.353406,
              26.406957
            ],
            [
              80.35317,
              26.406492
            ],
            [
              80.352758,
              26.406205
            ],
            [
              80.352552,
              26.405856
            ],
            [
              80.352882,
              26.405391
            ],
            [
              80.353212,
              26.404842
            ],
            [
              80.353542,
              26.404335
            ],
            [
              80.353542,
              26.403449
            ],
            [
              80.353542,
              26.402857
            ],
            [
              80.353684,
              26.401886
            ],
            [
              80.353731,
              26.401253
            ],
            [
              80.353636,
              26.400577
            ],
            [
              80.353636,
              26.399901
            ],
            [
              80.353636,
              26.399183
            ],
            [
              80.353589,
              26.398592
            ],
            [
              80.353542,
              26.397958
            ],
            [
              80.353354,
              26.397029
            ],
            [
              80.353354,
              26.396691
            ],
            [
              80.353401,
              26.396269
            ],
            [
              80.353589,
              26.395678
            ],
            [
              80.353731,
              26.395129
            ],
            [
              80.353731,
              26.394622
            ],
            [
              80.353212,
              26.39458
            ],
            [
              80.352882,
              26.394411
            ],
            [
              80.352599,
              26.393862
            ],
            [
              80.352599,
              26.393271
            ],
            [
              80.352882,
              26.393059
            ],
            [
              80.353165,
              26.392553
            ],
            [
              80.353306,
              26.392384
            ],
            [
              80.353495,
              26.392257
            ],
            [
              80.353731,
              26.391792
            ],
            [
              80.353731,
              26.390863
            ],
            [
              80.353731,
              26.389934
            ],
            [
              80.353636,
              26.389871
            ],
            [
              80.353778,
              26.389322
            ],
            [
              80.353778,
              26.388772
            ],
            [
              80.353919,
              26.388266
            ],
            [
              80.353731,
              26.387463
            ],
            [
              80.353872,
              26.38683
            ],
            [
              80.353872,
              26.386196
            ],
            [
              80.353872,
              26.386069
            ],
            [
              80.353967,
              26.385943
            ]
          ]
        ]
      }
    },
    {
      "type": "Feature",
      "properties": {
        "wardId": "W91",
        "wardNo": 91,
        "wardName": "Ward 91 - Yashoda Nagar West",
        "zoneNo": 2,
        "source": "DataMeet Municipal Spatial Data"
      },
      "geometry": {
        "type": "Polygon",
        "coordinates": [
          [
            [
              80.338416,
              26.400535
            ],
            [
              80.337929,
              26.40092
            ],
            [
              80.337042,
              26.401714
            ],
            [
              80.336184,
              26.402253
            ],
            [
              80.335554,
              26.402714
            ],
            [
              80.334896,
              26.403073
            ],
            [
              80.333952,
              26.403227
            ],
            [
              80.33315,
              26.403175
            ],
            [
              80.332578,
              26.402688
            ],
            [
              80.33232,
              26.402458
            ],
            [
              80.331548,
              26.402791
            ],
            [
              80.330746,
              26.403047
            ],
            [
              80.329974,
              26.403278
            ],
            [
              80.329716,
              26.402868
            ],
            [
              80.329344,
              26.402432
            ],
            [
              80.329087,
              26.401894
            ],
            [
              80.328314,
              26.402099
            ],
            [
              80.327427,
              26.402355
            ],
            [
              80.326711,
              26.402637
            ],
            [
              80.326454,
              26.403124
            ],
            [
              80.326282,
              26.403688
            ],
            [
              80.326254,
              26.404252
            ],
            [
              80.32611,
              26.404816
            ],
            [
              80.325881,
              26.405277
            ],
            [
              80.325538,
              26.405559
            ],
            [
              80.324994,
              26.405867
            ],
            [
              80.324622,
              26.406328
            ],
            [
              80.324222,
              26.406764
            ],
            [
              80.323907,
              26.407251
            ],
            [
              80.323392,
              26.407763
            ],
            [
              80.322877,
              26.408327
            ],
            [
              80.322505,
              26.40884
            ],
            [
              80.322276,
              26.40925
            ],
            [
              80.322018,
              26.409609
            ],
            [
              80.321474,
              26.409686
            ],
            [
              80.320959,
              26.409737
            ],
            [
              80.320473,
              26.409916
            ],
            [
              80.321188,
              26.410275
            ],
            [
              80.321789,
              26.410583
            ],
            [
              80.322533,
              26.41107
            ],
            [
              80.323163,
              26.411403
            ],
            [
              80.323649,
              26.411736
            ],
            [
              80.324308,
              26.412198
            ],
            [
              80.324908,
              26.412556
            ],
            [
              80.325567,
              26.413018
            ],
            [
              80.326225,
              26.413428
            ],
            [
              80.326969,
              26.413864
            ],
            [
              80.327341,
              26.414043
            ],
            [
              80.32777,
              26.414299
            ],
            [
              80.328114,
              26.414658
            ],
            [
              80.3284,
              26.414837
            ],
            [
              80.328858,
              26.414684
            ],
            [
              80.329201,
              26.414504
            ],
            [
              80.329516,
              26.414274
            ],
            [
              80.329888,
              26.414069
            ],
            [
              80.33026,
              26.41371
            ],
            [
              80.330918,
              26.4133
            ],
            [
              80.331204,
              26.413018
            ],
            [
              80.331891,
              26.412761
            ],
            [
              80.332292,
              26.412479
            ],
            [
              80.332835,
              26.412146
            ],
            [
              80.333236,
              26.411864
            ],
            [
              80.333723,
              26.411557
            ],
            [
              80.334295,
              26.411172
            ],
            [
              80.334953,
              26.410814
            ],
            [
              80.335411,
              26.410429
            ],
            [
              80.336098,
              26.409993
            ],
            [
              80.336556,
              26.409506
            ],
            [
              80.336899,
              26.409327
            ],
            [
              80.337557,
              26.408866
            ],
            [
              80.338072,
              26.408584
            ],
            [
              80.338588,
              26.408276
            ],
            [
              80.338931,
              26.40802
            ],
            [
              80.339389,
              26.407687
            ],
            [
              80.339789,
              26.40743
            ],
            [
              80.339417,
              26.406969
            ],
            [
              80.339045,
              26.406482
            ],
            [
              80.338817,
              26.4062
            ],
            [
              80.338444,
              26.405918
            ],
            [
              80.338158,
              26.405534
            ],
            [
              80.337844,
              26.405226
            ],
            [
              80.337471,
              26.404867
            ],
            [
              80.337099,
              26.404636
            ],
            [
              80.336928,
              26.404252
            ],
            [
              80.336727,
              26.404021
            ],
            [
              80.337042,
              26.403842
            ],
            [
              80.337414,
              26.403406
            ],
            [
              80.337786,
              26.40315
            ],
            [
              80.338072,
              26.402919
            ],
            [
              80.338559,
              26.40256
            ],
            [
              80.33896,
              26.402176
            ],
            [
              80.339274,
              26.401945
            ],
            [
              80.339589,
              26.401714
            ],
            [
              80.339246,
              26.401176
            ],
            [
              80.338931,
              26.400894
            ],
            [
              80.338588,
              26.400587
            ],
            [
              80.338416,
              26.400535
            ]
          ]
        ]
      }
    },
    {
      "type": "Feature",
      "properties": {
        "wardId": "W30",
        "wardNo": 30,
        "wardName": "Ward 30 - Naubasta East",
        "zoneNo": 2,
        "source": "DataMeet Municipal Spatial Data"
      },
      "geometry": {
        "type": "Polygon",
        "coordinates": [
          [
            [
              80.338777,
              26.400494
            ],
            [
              80.339235,
              26.400084
            ],
            [
              80.339664,
              26.399649
            ],
            [
              80.340007,
              26.399315
            ],
            [
              80.340637,
              26.39888
            ],
            [
              80.341095,
              26.398598
            ],
            [
              80.341667,
              26.398162
            ],
            [
              80.342125,
              26.398034
            ],
            [
              80.34264,
              26.397854
            ],
            [
              80.342755,
              26.397316
            ],
            [
              80.343184,
              26.39706
            ],
            [
              80.34347,
              26.397008
            ],
            [
              80.343785,
              26.396701
            ],
            [
              80.343842,
              26.396162
            ],
            [
              80.343842,
              26.395675
            ],
            [
              80.343871,
              26.395188
            ],
            [
              80.343814,
              26.394753
            ],
            [
              80.343699,
              26.394137
            ],
            [
              80.343756,
              26.393625
            ],
            [
              80.344243,
              26.393343
            ],
            [
              80.344643,
              26.393061
            ],
            [
              80.345015,
              26.392856
            ],
            [
              80.345302,
              26.392599
            ],
            [
              80.34513,
              26.392292
            ],
            [
              80.344958,
              26.392189
            ],
            [
              80.344758,
              26.391882
            ],
            [
              80.344586,
              26.391728
            ],
            [
              80.344214,
              26.391164
            ],
            [
              80.343985,
              26.390907
            ],
            [
              80.343756,
              26.390651
            ],
            [
              80.343499,
              26.390343
            ],
            [
              80.343298,
              26.390113
            ],
            [
              80.343098,
              26.389908
            ],
            [
              80.342869,
              26.389703
            ],
            [
              80.34244,
              26.389959
            ],
            [
              80.341868,
              26.390318
            ],
            [
              80.340523,
              26.391497
            ],
            [
              80.339321,
              26.392394
            ],
            [
              80.338662,
              26.392702
            ],
            [
              80.337861,
              26.393061
            ],
            [
              80.337375,
              26.393368
            ],
            [
              80.33643,
              26.393881
            ],
            [
              80.3356,
              26.394189
            ],
            [
              80.33457,
              26.394624
            ],
            [
              80.333797,
              26.394932
            ],
            [
              80.333053,
              26.395163
            ],
            [
              80.332309,
              26.395547
            ],
            [
              80.331737,
              26.395829
            ],
            [
              80.330764,
              26.396111
            ],
            [
              80.330077,
              26.396368
            ],
            [
              80.329448,
              26.396573
            ],
            [
              80.328761,
              26.396752
            ],
            [
              80.327845,
              26.397162
            ],
            [
              80.327101,
              26.397495
            ],
            [
              80.326443,
              26.3977
            ],
            [
              80.325756,
              26.397982
            ],
            [
              80.325012,
              26.398367
            ],
            [
              80.323996,
              26.398816
            ],
            [
              80.323109,
              26.3992
            ],
            [
              80.322165,
              26.399687
            ],
            [
              80.321335,
              26.400046
            ],
            [
              80.320705,
              26.400405
            ],
            [
              80.320047,
              26.400687
            ],
            [
              80.319389,
              26.401097
            ],
            [
              80.318988,
              26.40143
            ],
            [
              80.318444,
              26.401815
            ],
            [
              80.317843,
              26.402045
            ],
            [
              80.316556,
              26.402635
            ],
            [
              80.31584,
              26.40284
            ],
            [
              80.315354,
              26.403122
            ],
            [
              80.314924,
              26.403327
            ],
            [
              80.314896,
              26.403763
            ],
            [
              80.314982,
              26.404275
            ],
            [
              80.315153,
              26.404711
            ],
            [
              80.315239,
              26.405019
            ],
            [
              80.315439,
              26.40548
            ],
            [
              80.315583,
              26.406403
            ],
            [
              80.315783,
              26.406762
            ],
            [
              80.316155,
              26.4073
            ],
            [
              80.316298,
              26.407633
            ],
            [
              80.316928,
              26.407941
            ],
            [
              80.3177,
              26.408402
            ],
            [
              80.318187,
              26.408607
            ],
            [
              80.318702,
              26.409017
            ],
            [
              80.319217,
              26.409325
            ],
            [
              80.319703,
              26.409504
            ],
            [
              80.320362,
              26.409786
            ],
            [
              80.320476,
              26.409837
            ],
            [
              80.321048,
              26.409658
            ],
            [
              80.321621,
              26.409555
            ],
            [
              80.322079,
              26.409581
            ],
            [
              80.322422,
              26.409453
            ],
            [
              80.322651,
              26.409094
            ],
            [
              80.322937,
              26.408684
            ],
            [
              80.32308,
              26.408479
            ],
            [
              80.323252,
              26.408197
            ],
            [
              80.323452,
              26.407889
            ],
            [
              80.323595,
              26.407556
            ],
            [
              80.323824,
              26.407428
            ],
            [
              80.324053,
              26.407095
            ],
            [
              80.324196,
              26.406915
            ],
            [
              80.324568,
              26.406556
            ],
            [
              80.324826,
              26.406223
            ],
            [
              80.325456,
              26.405531
            ],
            [
              80.325742,
              26.405429
            ],
            [
              80.326085,
              26.405326
            ],
            [
              80.326171,
              26.404993
            ],
            [
              80.326285,
              26.404737
            ],
            [
              80.326314,
              26.40448
            ],
            [
              80.326429,
              26.404096
            ],
            [
              80.326457,
              26.403737
            ],
            [
              80.326543,
              26.403378
            ],
            [
              80.326686,
              26.402994
            ],
            [
              80.326715,
              26.402737
            ],
            [
              80.326801,
              26.402507
            ],
            [
              80.327115,
              26.402507
            ],
            [
              80.32763,
              26.402327
            ],
            [
              80.327945,
              26.402225
            ],
            [
              80.328346,
              26.402122
            ],
            [
              80.328832,
              26.401891
            ],
            [
              80.329262,
              26.401712
            ],
            [
              80.329462,
              26.402225
            ],
            [
              80.329691,
              26.402635
            ],
            [
              80.329834,
              26.402942
            ],
            [
              80.330034,
              26.403301
            ],
            [
              80.330492,
              26.403276
            ],
            [
              80.330921,
              26.403045
            ],
            [
              80.331379,
              26.402814
            ],
            [
              80.331723,
              26.40266
            ],
            [
              80.332295,
              26.402532
            ],
            [
              80.332524,
              26.402455
            ],
            [
              80.33301,
              26.402865
            ],
            [
              80.333239,
              26.403199
            ],
            [
              80.333926,
              26.403199
            ],
            [
              80.335157,
              26.403096
            ],
            [
              80.335715,
              26.402878
            ],
            [
              80.336001,
              26.402545
            ],
            [
              80.336487,
              26.402263
            ],
            [
              80.336831,
              26.40193
            ],
            [
              80.33726,
              26.401545
            ],
            [
              80.337689,
              26.401366
            ],
            [
              80.338033,
              26.40093
            ],
            [
              80.338462,
              26.400571
            ],
            [
              80.338662,
              26.400469
            ],
            [
              80.338777,
              26.400494
            ]
          ]
        ]
      }
    },
    {
      "type": "Feature",
      "properties": {
        "wardId": "W39",
        "wardNo": 39,
        "wardName": "Ward 39 - Hanspuram",
        "zoneNo": 2,
        "source": "DataMeet Municipal Spatial Data"
      },
      "geometry": {
        "type": "Polygon",
        "coordinates": [
          [
            [
              80.342653,
              26.389967
            ],
            [
              80.342939,
              26.389557
            ],
            [
              80.34334,
              26.389198
            ],
            [
              80.343683,
              26.388583
            ],
            [
              80.343855,
              26.38807
            ],
            [
              80.344084,
              26.387711
            ],
            [
              80.344184,
              26.387763
            ],
            [
              80.344528,
              26.387301
            ],
            [
              80.344814,
              26.387147
            ],
            [
              80.3451,
              26.386917
            ],
            [
              80.345644,
              26.386583
            ],
            [
              80.34593,
              26.386378
            ],
            [
              80.346474,
              26.385917
            ],
            [
              80.346903,
              26.385635
            ],
            [
              80.347389,
              26.385481
            ],
            [
              80.347962,
              26.385353
            ],
            [
              80.348591,
              26.385276
            ],
            [
              80.348906,
              26.385019
            ],
            [
              80.349135,
              26.384635
            ],
            [
              80.349393,
              26.384353
            ],
            [
              80.349049,
              26.384045
            ],
            [
              80.348591,
              26.383661
            ],
            [
              80.348334,
              26.383199
            ],
            [
              80.348105,
              26.38284
            ],
            [
              80.34779,
              26.382353
            ],
            [
              80.34759,
              26.382046
            ],
            [
              80.347103,
              26.382251
            ],
            [
              80.346788,
              26.381943
            ],
            [
              80.346502,
              26.381482
            ],
            [
              80.346273,
              26.381148
            ],
            [
              80.346016,
              26.381277
            ],
            [
              80.345529,
              26.381559
            ],
            [
              80.345186,
              26.381789
            ],
            [
              80.344814,
              26.381789
            ],
            [
              80.344499,
              26.381994
            ],
            [
              80.344241,
              26.382199
            ],
            [
              80.343869,
              26.382379
            ],
            [
              80.343526,
              26.38261
            ],
            [
              80.343211,
              26.382789
            ],
            [
              80.342896,
              26.382943
            ],
            [
              80.342667,
              26.383122
            ],
            [
              80.342496,
              26.383071
            ],
            [
              80.34221,
              26.382917
            ],
            [
              80.341923,
              26.382969
            ],
            [
              80.341637,
              26.38302
            ],
            [
              80.341351,
              26.383225
            ],
            [
              80.340979,
              26.383379
            ],
            [
              80.34075,
              26.383533
            ],
            [
              80.340407,
              26.383481
            ],
            [
              80.340006,
              26.383276
            ],
            [
              80.339691,
              26.383199
            ],
            [
              80.339405,
              26.383276
            ],
            [
              80.33909,
              26.383353
            ],
            [
              80.338861,
              26.383225
            ],
            [
              80.338861,
              26.382994
            ],
            [
              80.338718,
              26.382815
            ],
            [
              80.338575,
              26.382687
            ],
            [
              80.338403,
              26.382456
            ],
            [
              80.338117,
              26.382584
            ],
            [
              80.337831,
              26.382763
            ],
            [
              80.337659,
              26.382917
            ],
            [
              80.337316,
              26.383045
            ],
            [
              80.337058,
              26.383122
            ],
            [
              80.336801,
              26.383225
            ],
            [
              80.3364,
              26.383379
            ],
            [
              80.336085,
              26.383533
            ],
            [
              80.335771,
              26.383584
            ],
            [
              80.335341,
              26.383584
            ],
            [
              80.335112,
              26.383738
            ],
            [
              80.334998,
              26.383866
            ],
            [
              80.334655,
              26.384148
            ],
            [
              80.334454,
              26.384199
            ],
            [
              80.334054,
              26.384327
            ],
            [
              80.333853,
              26.384173
            ],
            [
              80.33371,
              26.38402
            ],
            [
              80.333567,
              26.383917
            ],
            [
              80.333424,
              26.383661
            ],
            [
              80.332995,
              26.383558
            ],
            [
              80.33288,
              26.383327
            ],
            [
              80.332709,
              26.382892
            ],
            [
              80.332594,
              26.382558
            ],
            [
              80.332222,
              26.382507
            ],
            [
              80.331764,
              26.382507
            ],
            [
              80.331507,
              26.382533
            ],
            [
              80.331163,
              26.382738
            ],
            [
              80.330763,
              26.382789
            ],
            [
              80.330419,
              26.382815
            ],
            [
              80.330076,
              26.382661
            ],
            [
              80.329618,
              26.382687
            ],
            [
              80.32916,
              26.382687
            ],
            [
              80.328845,
              26.382712
            ],
            [
              80.328359,
              26.382712
            ],
            [
              80.328015,
              26.382712
            ],
            [
              80.327643,
              26.382738
            ],
            [
              80.3273,
              26.382763
            ],
            [
              80.326985,
              26.38284
            ],
            [
              80.32667,
              26.383097
            ],
            [
              80.32627,
              26.383174
            ],
            [
              80.325869,
              26.383097
            ],
            [
              80.325497,
              26.382815
            ],
            [
              80.325268,
              26.382763
            ],
            [
              80.324803,
              26.382828
            ],
            [
              80.32446,
              26.382956
            ],
            [
              80.323887,
              26.38311
            ],
            [
              80.323201,
              26.383135
            ],
            [
              80.322657,
              26.383186
            ],
            [
              80.322542,
              26.383058
            ],
            [
              80.322571,
              26.382802
            ],
            [
              80.322685,
              26.382494
            ],
            [
              80.322943,
              26.382289
            ],
            [
              80.323172,
              26.382058
            ],
            [
              80.323658,
              26.381879
            ],
            [
              80.324088,
              26.381674
            ],
            [
              80.324631,
              26.381853
            ],
            [
              80.325061,
              26.381828
            ],
            [
              80.325433,
              26.381494
            ],
            [
              80.325519,
              26.381212
            ],
            [
              80.325404,
              26.380751
            ],
            [
              80.325347,
              26.380366
            ],
            [
              80.325519,
              26.379982
            ],
            [
              80.325747,
              26.379725
            ],
            [
              80.325891,
              26.379367
            ],
            [
              80.325776,
              26.378751
            ],
            [
              80.32549,
              26.378572
            ],
            [
              80.325461,
              26.378392
            ],
            [
              80.325433,
              26.378059
            ],
            [
              80.325433,
              26.377649
            ],
            [
              80.325604,
              26.377367
            ],
            [
              80.325776,
              26.37711
            ],
            [
              80.325891,
              26.376777
            ],
            [
              80.325976,
              26.376777
            ],
            [
              80.326234,
              26.3767
            ],
            [
              80.326463,
              26.376598
            ],
            [
              80.326635,
              26.376495
            ],
            [
              80.326635,
              26.375982
            ],
            [
              80.326577,
              26.375495
            ],
            [
              80.326463,
              26.375316
            ],
            [
              80.326177,
              26.375162
            ],
            [
              80.326034,
              26.374777
            ],
            [
              80.325833,
              26.374572
            ],
            [
              80.325604,
              26.374188
            ],
            [
              80.325519,
              26.373983
            ],
            [
              80.325261,
              26.37388
            ],
            [
              80.324946,
              26.37388
            ],
            [
              80.324631,
              26.373829
            ],
            [
              80.324631,
              26.373624
            ],
            [
              80.324689,
              26.37329
            ],
            [
              80.32476,
              26.373008
            ],
            [
              80.324703,
              26.372675
            ],
            [
              80.324445,
              26.372496
            ],
            [
              80.324045,
              26.372444
            ],
            [
              80.323759,
              26.37229
            ],
            [
              80.32353,
              26.372008
            ],
            [
              80.323358,
              26.371829
            ],
            [
              80.323186,
              26.371521
            ],
            [
              80.323272,
              26.371316
            ],
            [
              80.323415,
              26.371085
            ],
            [
              80.323215,
              26.370701
            ],
            [
              80.322871,
              26.370316
            ],
            [
              80.322786,
              26.370009
            ],
            [
              80.3227,
              26.369803
            ],
            [
              80.322843,
              26.369496
            ],
            [
              80.322871,
              26.369137
            ],
            [
              80.322528,
              26.369137
            ],
            [
              80.322042,
              26.369162
            ],
            [
              80.321755,
              26.369162
            ],
            [
              80.321441,
              26.369034
            ],
            [
              80.321355,
              26.368778
            ],
            [
              80.320925,
              26.36865
            ],
            [
              80.320439,
              26.36865
            ],
            [
              80.320239,
              26.368829
            ],
            [
              80.319952,
              26.368855
            ],
            [
              80.319552,
              26.369085
            ],
            [
              80.319294,
              26.369239
            ],
            [
              80.319037,
              26.368983
            ],
            [
              80.318808,
              26.368496
            ],
            [
              80.318607,
              26.368496
            ],
            [
              80.318436,
              26.368086
            ],
            [
              80.318264,
              26.367752
            ],
            [
              80.31815,
              26.367547
            ],
            [
              80.317778,
              26.367803
            ],
            [
              80.317606,
              26.367855
            ],
            [
              80.317148,
              26.36806
            ],
            [
              80.316805,
              26.368137
            ],
            [
              80.316604,
              26.368521
            ],
            [
              80.316118,
              26.368291
            ],
            [
              80.31586,
              26.368162
            ],
            [
              80.315517,
              26.368009
            ],
            [
              80.315231,
              26.36788
            ],
            [
              80.314916,
              26.368086
            ],
            [
              80.314658,
              26.368265
            ],
            [
              80.314429,
              26.368444
            ],
            [
              80.314115,
              26.368701
            ],
            [
              80.313599,
              26.368957
            ],
            [
              80.313113,
              26.369291
            ],
            [
              80.312684,
              26.369624
            ],
            [
              80.312226,
              26.369983
            ],
            [
              80.311968,
              26.370188
            ],
            [
              80.311425,
              26.370316
            ],
            [
              80.310967,
              26.370162
            ],
            [
              80.310595,
              26.369829
            ],
            [
              80.310337,
              26.36947
            ],
            [
              80.310165,
              26.369291
            ],
            [
              80.309707,
              26.36906
            ],
            [
              80.309364,
              26.369162
            ],
            [
              80.309135,
              26.369265
            ],
            [
              80.308878,
              26.36947
            ],
            [
              80.308677,
              26.369598
            ],
            [
              80.308362,
              26.369957
            ],
            [
              80.307933,
              26.370111
            ],
            [
              80.307618,
              26.370188
            ],
            [
              80.307847,
              26.370778
            ],
            [
              80.30799,
              26.371547
            ],
            [
              80.308305,
              26.372265
            ],
            [
              80.308477,
              26.372957
            ],
            [
              80.308563,
              26.373803
            ],
            [
              80.308706,
              26.374547
            ],
            [
              80.308792,
              26.375162
            ],
            [
              80.308963,
              26.37588
            ],
            [
              80.309078,
              26.376623
            ],
            [
              80.309107,
              26.377546
            ],
            [
              80.309192,
              26.378418
            ],
            [
              80.309364,
              26.379264
            ],
            [
              80.309564,
              26.380007
            ],
            [
              80.309765,
              26.380815
            ],
            [
              80.310022,
              26.382379
            ],
            [
              80.310251,
              26.383635
            ],
            [
              80.310366,
              26.384584
            ],
            [
              80.310566,
              26.385865
            ],
            [
              80.310709,
              26.386865
            ],
            [
              80.310795,
              26.388019
            ],
            [
              80.311052,
              26.389326
            ],
            [
              80.31131,
              26.390941
            ],
            [
              80.311682,
              26.392018
            ],
            [
              80.311854,
              26.393351
            ],
            [
              80.312025,
              26.394594
            ],
            [
              80.312369,
              26.395645
            ],
            [
              80.31277,
              26.397106
            ],
            [
              80.313056,
              26.398055
            ],
            [
              80.313313,
              26.399183
            ],
            [
              80.313514,
              26.400003
            ],
            [
              80.313914,
              26.401284
            ],
            [
              80.314143,
              26.402002
            ],
            [
              80.314315,
              26.402797
            ],
            [
              80.314658,
              26.403694
            ],
            [
              80.314944,
              26.403515
            ],
            [
              80.315603,
              26.403233
            ],
            [
              80.316061,
              26.403181
            ],
            [
              80.316661,
              26.402848
            ],
            [
              80.317348,
              26.402617
            ],
            [
              80.317892,
              26.402361
            ],
            [
              80.318379,
              26.401977
            ],
            [
              80.318693,
              26.401618
            ],
            [
              80.319266,
              26.401208
            ],
            [
              80.319838,
              26.401028
            ],
            [
              80.320468,
              26.400618
            ],
            [
              80.321297,
              26.400362
            ],
            [
              80.322042,
              26.400054
            ],
            [
              80.322585,
              26.399798
            ],
            [
              80.323243,
              26.399567
            ],
            [
              80.323701,
              26.399106
            ],
            [
              80.324503,
              26.398952
            ],
            [
              80.325161,
              26.398696
            ],
            [
              80.325905,
              26.398414
            ],
            [
              80.326592,
              26.397927
            ],
            [
              80.327393,
              26.397696
            ],
            [
              80.327908,
              26.397388
            ],
            [
              80.328538,
              26.397209
            ],
            [
              80.328996,
              26.397055
            ],
            [
              80.329797,
              26.39685
            ],
            [
              80.330369,
              26.396542
            ],
            [
              80.331135,
              26.396209
            ],
            [
              80.331621,
              26.396107
            ],
            [
              80.332222,
              26.395902
            ],
            [
              80.332737,
              26.39562
            ],
            [
              80.333195,
              26.39544
            ],
            [
              80.333481,
              26.395286
            ],
            [
              80.334254,
              26.395004
            ],
            [
              80.33474,
              26.394851
            ],
            [
              80.335485,
              26.394543
            ],
            [
              80.336314,
              26.394338
            ],
            [
              80.33703,
              26.393851
            ],
            [
              80.337917,
              26.393543
            ],
            [
              80.338575,
              26.393082
            ],
            [
              80.339491,
              26.392518
            ],
            [
              80.340292,
              26.392031
            ],
            [
              80.340836,
              26.391313
            ],
            [
              80.341322,
              26.391057
            ],
            [
              80.342095,
              26.39039
            ],
            [
              80.342582,
              26.390108
            ],
            [
              80.342653,
              26.389967
            ]
          ]
        ]
      }
    },
    {
      "type": "Feature",
      "properties": {
        "wardId": "W36",
        "wardNo": 36,
        "wardName": "Ward 36 - Bingawan",
        "zoneNo": 3,
        "source": "DataMeet Municipal Spatial Data"
      },
      "geometry": {
        "type": "Polygon",
        "coordinates": [
          [
            [
              80.307736,
              26.370575
            ],
            [
              80.307107,
              26.370678
            ],
            [
              80.306191,
              26.370678
            ],
            [
              80.305275,
              26.370575
            ],
            [
              80.304646,
              26.370575
            ],
            [
              80.304073,
              26.370575
            ],
            [
              80.303615,
              26.370575
            ],
            [
              80.303157,
              26.370678
            ],
            [
              80.302528,
              26.370883
            ],
            [
              80.301955,
              26.371088
            ],
            [
              80.30144,
              26.371139
            ],
            [
              80.300982,
              26.371344
            ],
            [
              80.300696,
              26.371652
            ],
            [
              80.300353,
              26.372062
            ],
            [
              80.300124,
              26.372318
            ],
            [
              80.299895,
              26.372831
            ],
            [
              80.299723,
              26.373344
            ],
            [
              80.299494,
              26.373857
            ],
            [
              80.29938,
              26.37437
            ],
            [
              80.299323,
              26.375087
            ],
            [
              80.299323,
              26.375652
            ],
            [
              80.299323,
              26.376216
            ],
            [
              80.299437,
              26.376677
            ],
            [
              80.299781,
              26.377395
            ],
            [
              80.299952,
              26.377805
            ],
            [
              80.300067,
              26.378318
            ],
            [
              80.300467,
              26.378728
            ],
            [
              80.300467,
              26.379343
            ],
            [
              80.300467,
              26.379754
            ],
            [
              80.30001,
              26.379805
            ],
            [
              80.299666,
              26.379959
            ],
            [
              80.299323,
              26.380215
            ],
            [
              80.299037,
              26.380215
            ],
            [
              80.298292,
              26.380266
            ],
            [
              80.297892,
              26.380061
            ],
            [
              80.297262,
              26.380061
            ],
            [
              80.296919,
              26.380112
            ],
            [
              80.296461,
              26.380215
            ],
            [
              80.296175,
              26.380523
            ],
            [
              80.295946,
              26.380882
            ],
            [
              80.295946,
              26.381497
            ],
            [
              80.295602,
              26.381856
            ],
            [
              80.295717,
              26.382471
            ],
            [
              80.295717,
              26.382933
            ],
            [
              80.295831,
              26.383035
            ],
            [
              80.295946,
              26.38324
            ],
            [
              80.296346,
              26.383497
            ],
            [
              80.29669,
              26.384112
            ],
            [
              80.29669,
              26.384522
            ],
            [
              80.29669,
              26.384881
            ],
            [
              80.296461,
              26.385189
            ],
            [
              80.296404,
              26.385496
            ],
            [
              80.296003,
              26.385958
            ],
            [
              80.295774,
              26.386368
            ],
            [
              80.295602,
              26.386932
            ],
            [
              80.295316,
              26.387239
            ],
            [
              80.295202,
              26.387547
            ],
            [
              80.29503,
              26.38806
            ],
            [
              80.294916,
              26.388316
            ],
            [
              80.294687,
              26.388778
            ],
            [
              80.294687,
              26.388931
            ],
            [
              80.294916,
              26.388983
            ],
            [
              80.295145,
              26.389136
            ],
            [
              80.295545,
              26.389342
            ],
            [
              80.295774,
              26.389495
            ],
            [
              80.29606,
              26.389752
            ],
            [
              80.29606,
              26.389957
            ],
            [
              80.29606,
              26.390469
            ],
            [
              80.295946,
              26.390931
            ],
            [
              80.295717,
              26.391392
            ],
            [
              80.295545,
              26.391854
            ],
            [
              80.295488,
              26.392008
            ],
            [
              80.295259,
              26.39252
            ],
            [
              80.295373,
              26.392777
            ],
            [
              80.294916,
              26.393033
            ],
            [
              80.294572,
              26.393033
            ],
            [
              80.294229,
              26.39293
            ],
            [
              80.294114,
              26.39293
            ],
            [
              80.293885,
              26.39293
            ],
            [
              80.293485,
              26.392982
            ],
            [
              80.293256,
              26.393033
            ],
            [
              80.292855,
              26.393135
            ],
            [
              80.292683,
              26.393135
            ],
            [
              80.292626,
              26.393546
            ],
            [
              80.292798,
              26.394007
            ],
            [
              80.292912,
              26.394263
            ],
            [
              80.293027,
              26.394827
            ],
            [
              80.293027,
              26.395237
            ],
            [
              80.293084,
              26.395596
            ],
            [
              80.29337,
              26.395699
            ],
            [
              80.293885,
              26.395853
            ],
            [
              80.294172,
              26.396007
            ],
            [
              80.294629,
              26.39616
            ],
            [
              80.295373,
              26.396519
            ],
            [
              80.296003,
              26.396622
            ],
            [
              80.296232,
              26.397186
            ],
            [
              80.296518,
              26.397596
            ],
            [
              80.296404,
              26.39816
            ],
            [
              80.296232,
              26.398826
            ],
            [
              80.29606,
              26.39939
            ],
            [
              80.296003,
              26.399646
            ],
            [
              80.295545,
              26.400005
            ],
            [
              80.295087,
              26.400108
            ],
            [
              80.294801,
              26.40021
            ],
            [
              80.294114,
              26.40062
            ],
            [
              80.293828,
              26.400979
            ],
            [
              80.293599,
              26.401338
            ],
            [
              80.293599,
              26.401646
            ],
            [
              80.293599,
              26.401953
            ],
            [
              80.293599,
              26.402774
            ],
            [
              80.293714,
              26.402979
            ],
            [
              80.293885,
              26.403158
            ],
            [
              80.293943,
              26.403414
            ],
            [
              80.293943,
              26.403619
            ],
            [
              80.293714,
              26.403927
            ],
            [
              80.293313,
              26.404183
            ],
            [
              80.293027,
              26.404235
            ],
            [
              80.292855,
              26.404235
            ],
            [
              80.292626,
              26.404183
            ],
            [
              80.292283,
              26.404081
            ],
            [
              80.292054,
              26.404081
            ],
            [
              80.291939,
              26.404388
            ],
            [
              80.291939,
              26.404747
            ],
            [
              80.291768,
              26.405311
            ],
            [
              80.291596,
              26.40567
            ],
            [
              80.29131,
              26.406029
            ],
            [
              80.291024,
              26.406183
            ],
            [
              80.290795,
              26.406541
            ],
            [
              80.290222,
              26.406644
            ],
            [
              80.290051,
              26.406644
            ],
            [
              80.289879,
              26.406593
            ],
            [
              80.289593,
              26.406644
            ],
            [
              80.289421,
              26.407054
            ],
            [
              80.288963,
              26.407362
            ],
            [
              80.288448,
              26.40731
            ],
            [
              80.288105,
              26.407208
            ],
            [
              80.287647,
              26.407208
            ],
            [
              80.287303,
              26.407003
            ],
            [
              80.286846,
              26.4069
            ],
            [
              80.286502,
              26.407157
            ],
            [
              80.28593,
              26.407669
            ],
            [
              80.285357,
              26.407874
            ],
            [
              80.284957,
              26.408284
            ],
            [
              80.284556,
              26.408643
            ],
            [
              80.28427,
              26.4089
            ],
            [
              80.283812,
              26.409258
            ],
            [
              80.28324,
              26.409771
            ],
            [
              80.282725,
              26.409976
            ],
            [
              80.282496,
              26.410232
            ],
            [
              80.282095,
              26.410437
            ],
            [
              80.281752,
              26.410847
            ],
            [
              80.281351,
              26.411206
            ],
            [
              80.281122,
              26.411463
            ],
            [
              80.280836,
              26.411719
            ],
            [
              80.280664,
              26.411924
            ],
            [
              80.280435,
              26.412488
            ],
            [
              80.280206,
              26.412898
            ],
            [
              80.279977,
              26.413103
            ],
            [
              80.279634,
              26.413616
            ],
            [
              80.279348,
              26.413821
            ],
            [
              80.279348,
              26.414282
            ],
            [
              80.279405,
              26.414846
            ],
            [
              80.27952,
              26.415512
            ],
            [
              80.279691,
              26.415922
            ],
            [
              80.279748,
              26.416537
            ],
            [
              80.279577,
              26.416896
            ],
            [
              80.279348,
              26.417204
            ],
            [
              80.279176,
              26.41746
            ],
            [
              80.279004,
              26.418126
            ],
            [
              80.279176,
              26.418536
            ],
            [
              80.279348,
              26.419203
            ],
            [
              80.27952,
              26.419254
            ],
            [
              80.279806,
              26.419664
            ],
            [
              80.280664,
              26.420689
            ],
            [
              80.281408,
              26.420894
            ],
            [
              80.281694,
              26.421304
            ],
            [
              80.282038,
              26.421561
            ],
            [
              80.282267,
              26.421919
            ],
            [
              80.282267,
              26.422432
            ],
            [
              80.281981,
              26.422893
            ],
            [
              80.281752,
              26.423354
            ],
            [
              80.281523,
              26.423611
            ],
            [
              80.281465,
              26.424021
            ],
            [
              80.281752,
              26.424482
            ],
            [
              80.282152,
              26.424482
            ],
            [
              80.282839,
              26.424277
            ],
            [
              80.28324,
              26.424123
            ],
            [
              80.28364,
              26.424175
            ],
            [
              80.283984,
              26.424277
            ],
            [
              80.284556,
              26.42438
            ],
            [
              80.284671,
              26.424738
            ],
            [
              80.285071,
              26.425097
            ],
            [
              80.285644,
              26.425507
            ],
            [
              80.285758,
              26.425917
            ],
            [
              80.285873,
              26.426327
            ],
            [
              80.285987,
              26.42684
            ],
            [
              80.286101,
              26.427199
            ],
            [
              80.285873,
              26.427199
            ],
            [
              80.285644,
              26.427199
            ],
            [
              80.284957,
              26.427199
            ],
            [
              80.284785,
              26.427352
            ],
            [
              80.284785,
              26.427814
            ],
            [
              80.284785,
              26.428019
            ],
            [
              80.2849,
              26.428787
            ],
            [
              80.285586,
              26.428736
            ],
            [
              80.286388,
              26.428531
            ],
            [
              80.28696,
              26.42848
            ],
            [
              80.28759,
              26.428429
            ],
            [
              80.288391,
              26.428172
            ],
            [
              80.288963,
              26.427865
            ],
            [
              80.290108,
              26.427762
            ],
            [
              80.290222,
              26.427045
            ],
            [
              80.290222,
              26.425968
            ],
            [
              80.290222,
              26.425353
            ],
            [
              80.290222,
              26.424072
            ],
            [
              80.290165,
              26.423662
            ],
            [
              80.290222,
              26.422739
            ],
            [
              80.290108,
              26.422381
            ],
            [
              80.289879,
              26.422022
            ],
            [
              80.289593,
              26.421612
            ],
            [
              80.289249,
              26.421202
            ],
            [
              80.288906,
              26.420843
            ],
            [
              80.288563,
              26.420279
            ],
            [
              80.288162,
              26.419664
            ],
            [
              80.287933,
              26.419151
            ],
            [
              80.288448,
              26.418793
            ],
            [
              80.289192,
              26.418639
            ],
            [
              80.289822,
              26.418383
            ],
            [
              80.291081,
              26.418126
            ],
            [
              80.292168,
              26.41787
            ],
            [
              80.293599,
              26.417357
            ],
            [
              80.294916,
              26.417101
            ],
            [
              80.295717,
              26.416896
            ],
            [
              80.295889,
              26.416794
            ],
            [
              80.296003,
              26.416794
            ],
            [
              80.295488,
              26.416076
            ],
            [
              80.295373,
              26.415666
            ],
            [
              80.295259,
              26.415307
            ],
            [
              80.294858,
              26.414743
            ],
            [
              80.294858,
              26.414179
            ],
            [
              80.294401,
              26.413564
            ],
            [
              80.294286,
              26.412795
            ],
            [
              80.294858,
              26.412795
            ],
            [
              80.295316,
              26.412539
            ],
            [
              80.295602,
              26.412385
            ],
            [
              80.29606,
              26.412078
            ],
            [
              80.296747,
              26.411616
            ],
            [
              80.297033,
              26.411463
            ],
            [
              80.297606,
              26.411309
            ],
            [
              80.298292,
              26.410847
            ],
            [
              80.298865,
              26.410642
            ],
            [
              80.299265,
              26.410386
            ],
            [
              80.300124,
              26.410079
            ],
            [
              80.30041,
              26.409925
            ],
            [
              80.30104,
              26.409617
            ],
            [
              80.301612,
              26.40972
            ],
            [
              80.301612,
              26.410027
            ],
            [
              80.301727,
              26.410642
            ],
            [
              80.302013,
              26.411001
            ],
            [
              80.302585,
              26.412026
            ],
            [
              80.302814,
              26.412488
            ],
            [
              80.303215,
              26.413154
            ],
            [
              80.303444,
              26.413667
            ],
            [
              80.303673,
              26.414077
            ],
            [
              80.304245,
              26.413411
            ],
            [
              80.305103,
              26.412539
            ],
            [
              80.305847,
              26.411873
            ],
            [
              80.306191,
              26.41136
            ],
            [
              80.307049,
              26.41054
            ],
            [
              80.308251,
              26.409412
            ],
            [
              80.309053,
              26.408643
            ],
            [
              80.309682,
              26.408028
            ],
            [
              80.310426,
              26.407157
            ],
            [
              80.311056,
              26.406541
            ],
            [
              80.311743,
              26.405824
            ],
            [
              80.312429,
              26.405106
            ],
            [
              80.312945,
              26.404542
            ],
            [
              80.31346,
              26.404081
            ],
            [
              80.313918,
              26.403671
            ],
            [
              80.314375,
              26.403466
            ],
            [
              80.314146,
              26.402364
            ],
            [
              80.314089,
              26.401851
            ],
            [
              80.313803,
              26.401184
            ],
            [
              80.313746,
              26.399903
            ],
            [
              80.313631,
              26.399185
            ],
            [
              80.313345,
              26.398672
            ],
            [
              80.31283,
              26.397596
            ],
            [
              80.312544,
              26.396468
            ],
            [
              80.312372,
              26.39575
            ],
            [
              80.3122,
              26.394827
            ],
            [
              80.312029,
              26.393597
            ],
            [
              80.311972,
              26.392572
            ],
            [
              80.311456,
              26.391495
            ],
            [
              80.31117,
              26.390367
            ],
            [
              80.310999,
              26.389444
            ],
            [
              80.310827,
              26.38806
            ],
            [
              80.310541,
              26.386522
            ],
            [
              80.310541,
              26.38524
            ],
            [
              80.310369,
              26.384317
            ],
            [
              80.310083,
              26.383291
            ],
            [
              80.310026,
              26.382471
            ],
            [
              80.310026,
              26.381651
            ],
            [
              80.309797,
              26.380984
            ],
            [
              80.309396,
              26.379805
            ],
            [
              80.309568,
              26.378882
            ],
            [
              80.309453,
              26.378318
            ],
            [
              80.309167,
              26.377292
            ],
            [
              80.309167,
              26.376831
            ],
            [
              80.309053,
              26.375754
            ],
            [
              80.308766,
              26.375036
            ],
            [
              80.308595,
              26.374113
            ],
            [
              80.308537,
              26.373395
            ],
            [
              80.308309,
              26.372626
            ],
            [
              80.308022,
              26.371806
            ],
            [
              80.307851,
              26.371037
            ],
            [
              80.307736,
              26.370575
            ]
          ]
        ]
      }
    },
    {
      "type": "Feature",
      "properties": {
        "wardId": "W81",
        "wardNo": 81,
        "wardName": "Ward 81 - Tarauli",
        "zoneNo": 3,
        "source": "DataMeet Municipal Spatial Data"
      },
      "geometry": {
        "type": "Polygon",
        "coordinates": [
          [
            [
              80.290438,
              26.427635
            ],
            [
              80.291011,
              26.427533
            ],
            [
              80.291869,
              26.426815
            ],
            [
              80.292499,
              26.426303
            ],
            [
              80.292842,
              26.425841
            ],
            [
              80.2933,
              26.425534
            ],
            [
              80.293701,
              26.425124
            ],
            [
              80.294845,
              26.426405
            ],
            [
              80.295361,
              26.426918
            ],
            [
              80.295589,
              26.42743
            ],
            [
              80.295933,
              26.427789
            ],
            [
              80.296906,
              26.427687
            ],
            [
              80.297478,
              26.427277
            ],
            [
              80.298108,
              26.426764
            ],
            [
              80.298623,
              26.42661
            ],
            [
              80.299253,
              26.426354
            ],
            [
              80.299253,
              26.425688
            ],
            [
              80.298966,
              26.425226
            ],
            [
              80.298508,
              26.424663
            ],
            [
              80.298222,
              26.423894
            ],
            [
              80.297936,
              26.423484
            ],
            [
              80.29765,
              26.42251
            ],
            [
              80.297364,
              26.421997
            ],
            [
              80.297307,
              26.421382
            ],
            [
              80.297078,
              26.420716
            ],
            [
              80.29702,
              26.420203
            ],
            [
              80.297764,
              26.419691
            ],
            [
              80.298566,
              26.418973
            ],
            [
              80.299424,
              26.418204
            ],
            [
              80.299939,
              26.417692
            ],
            [
              80.300512,
              26.416974
            ],
            [
              80.301599,
              26.416
            ],
            [
              80.302229,
              26.415436
            ],
            [
              80.302744,
              26.414975
            ],
            [
              80.303431,
              26.41436
            ],
            [
              80.303889,
              26.413847
            ],
            [
              80.30366,
              26.412873
            ],
            [
              80.303259,
              26.412566
            ],
            [
              80.302916,
              26.411797
            ],
            [
              80.302629,
              26.411233
            ],
            [
              80.302343,
              26.410618
            ],
            [
              80.302057,
              26.410157
            ],
            [
              80.301943,
              26.409439
            ],
            [
              80.301198,
              26.409644
            ],
            [
              80.300111,
              26.410054
            ],
            [
              80.29931,
              26.410464
            ],
            [
              80.298566,
              26.410669
            ],
            [
              80.297822,
              26.411182
            ],
            [
              80.297249,
              26.411541
            ],
            [
              80.296448,
              26.411848
            ],
            [
              80.295933,
              26.412258
            ],
            [
              80.295418,
              26.412515
            ],
            [
              80.294674,
              26.412617
            ],
            [
              80.294845,
              26.413642
            ],
            [
              80.295189,
              26.41436
            ],
            [
              80.295475,
              26.415078
            ],
            [
              80.296162,
              26.416154
            ],
            [
              80.296391,
              26.416615
            ],
            [
              80.295589,
              26.416718
            ],
            [
              80.29496,
              26.417025
            ],
            [
              80.293586,
              26.417333
            ],
            [
              80.292785,
              26.417487
            ],
            [
              80.291869,
              26.41764
            ],
            [
              80.290782,
              26.417948
            ],
            [
              80.289923,
              26.418153
            ],
            [
              80.289065,
              26.418461
            ],
            [
              80.288149,
              26.418768
            ],
            [
              80.288492,
              26.419537
            ],
            [
              80.289236,
              26.420511
            ],
            [
              80.289694,
              26.421177
            ],
            [
              80.290152,
              26.421895
            ],
            [
              80.290553,
              26.422305
            ],
            [
              80.290381,
              26.42333
            ],
            [
              80.290438,
              26.424048
            ],
            [
              80.29061,
              26.425226
            ],
            [
              80.290553,
              26.425841
            ],
            [
              80.290496,
              26.426815
            ],
            [
              80.290438,
              26.427533
            ],
            [
              80.290438,
              26.427635
            ]
          ]
        ]
      }
    },
    {
      "type": "Feature",
      "properties": {
        "wardId": "W88",
        "wardNo": 88,
        "wardName": "Ward 88 - Karrhi",
        "zoneNo": 3,
        "source": "DataMeet Municipal Spatial Data"
      },
      "geometry": {
        "type": "Polygon",
        "coordinates": [
          [
            [
              80.299138,
              26.425792
            ],
            [
              80.299882,
              26.425382
            ],
            [
              80.301427,
              26.424716
            ],
            [
              80.302629,
              26.424152
            ],
            [
              80.303144,
              26.423845
            ],
            [
              80.304289,
              26.42323
            ],
            [
              80.305434,
              26.422666
            ],
            [
              80.30635,
              26.422102
            ],
            [
              80.307208,
              26.421692
            ],
            [
              80.308067,
              26.421231
            ],
            [
              80.308067,
              26.420462
            ],
            [
              80.307552,
              26.419437
            ],
            [
              80.306807,
              26.418565
            ],
            [
              80.306521,
              26.417848
            ],
            [
              80.305777,
              26.416823
            ],
            [
              80.305491,
              26.416002
            ],
            [
              80.305033,
              26.415234
            ],
            [
              80.30469,
              26.414465
            ],
            [
              80.304232,
              26.413542
            ],
            [
              80.304117,
              26.413234
            ],
            [
              80.303431,
              26.413798
            ],
            [
              80.302973,
              26.414208
            ],
            [
              80.302,
              26.415131
            ],
            [
              80.301427,
              26.415695
            ],
            [
              80.300683,
              26.416361
            ],
            [
              80.299939,
              26.41713
            ],
            [
              80.299195,
              26.417848
            ],
            [
              80.298566,
              26.418412
            ],
            [
              80.298051,
              26.419027
            ],
            [
              80.297307,
              26.419693
            ],
            [
              80.296906,
              26.420103
            ],
            [
              80.297135,
              26.420974
            ],
            [
              80.297421,
              26.421897
            ],
            [
              80.297879,
              26.422717
            ],
            [
              80.29828,
              26.423691
            ],
            [
              80.298451,
              26.424152
            ],
            [
              80.298795,
              26.424665
            ],
            [
              80.298966,
              26.425177
            ],
            [
              80.299253,
              26.42569
            ],
            [
              80.299138,
              26.425792
            ]
          ]
        ]
      }
    },
    {
      "type": "Feature",
      "properties": {
        "wardId": "W83",
        "wardNo": 83,
        "wardName": "Ward 83 - Naubasti West",
        "zoneNo": 3,
        "source": "DataMeet Municipal Spatial Data"
      },
      "geometry": {
        "type": "Polygon",
        "coordinates": [
          [
            [
              80.303535,
              26.423436
            ],
            [
              80.303878,
              26.424102
            ],
            [
              80.304622,
              26.425384
            ],
            [
              80.305023,
              26.426101
            ],
            [
              80.305423,
              26.426921
            ],
            [
              80.306053,
              26.427844
            ],
            [
              80.30674,
              26.427536
            ],
            [
              80.307827,
              26.427126
            ],
            [
              80.308571,
              26.42687
            ],
            [
              80.309258,
              26.426562
            ],
            [
              80.310117,
              26.426152
            ],
            [
              80.310689,
              26.425794
            ],
            [
              80.311376,
              26.42564
            ],
            [
              80.312234,
              26.425025
            ],
            [
              80.312463,
              26.423897
            ],
            [
              80.312463,
              26.422718
            ],
            [
              80.312635,
              26.421129
            ],
            [
              80.312749,
              26.420309
            ],
            [
              80.312921,
              26.418874
            ],
            [
              80.312807,
              26.417951
            ],
            [
              80.312864,
              26.416875
            ],
            [
              80.31315,
              26.416004
            ],
            [
              80.313265,
              26.414825
            ],
            [
              80.313207,
              26.413646
            ],
            [
              80.312978,
              26.412569
            ],
            [
              80.312921,
              26.411698
            ],
            [
              80.312921,
              26.41057
            ],
            [
              80.31252,
              26.409494
            ],
            [
              80.312807,
              26.408468
            ],
            [
              80.312749,
              26.407084
            ],
            [
              80.312635,
              26.406264
            ],
            [
              80.312749,
              26.405546
            ],
            [
              80.31315,
              26.404752
            ],
            [
              80.313608,
              26.404239
            ],
            [
              80.313894,
              26.403573
            ],
            [
              80.314352,
              26.402906
            ],
            [
              80.313665,
              26.403265
            ],
            [
              80.313207,
              26.403829
            ],
            [
              80.312177,
              26.404803
            ],
            [
              80.311032,
              26.405726
            ],
            [
              80.309888,
              26.406802
            ],
            [
              80.309315,
              26.407571
            ],
            [
              80.308571,
              26.408238
            ],
            [
              80.30777,
              26.409058
            ],
            [
              80.306969,
              26.409827
            ],
            [
              80.306396,
              26.410493
            ],
            [
              80.305538,
              26.411211
            ],
            [
              80.304966,
              26.411826
            ],
            [
              80.304336,
              26.412646
            ],
            [
              80.303821,
              26.413261
            ],
            [
              80.304565,
              26.414338
            ],
            [
              80.305194,
              26.415517
            ],
            [
              80.305939,
              26.416798
            ],
            [
              80.306396,
              26.418233
            ],
            [
              80.306911,
              26.419053
            ],
            [
              80.307484,
              26.419874
            ],
            [
              80.307942,
              26.420386
            ],
            [
              80.308228,
              26.421206
            ],
            [
              80.307198,
              26.421411
            ],
            [
              80.306625,
              26.421616
            ],
            [
              80.305652,
              26.42218
            ],
            [
              80.30445,
              26.422846
            ],
            [
              80.303993,
              26.423154
            ],
            [
              80.303535,
              26.423436
            ]
          ]
        ]
      }
    },
    {
      "type": "Feature",
      "properties": {
        "wardId": "W58",
        "wardNo": 58,
        "wardName": "Ward 58 - Basant Nagar",
        "zoneNo": 3,
        "source": "DataMeet Municipal Spatial Data"
      },
      "geometry": {
        "type": "Polygon",
        "coordinates": [
          [
            [
              80.31252,
              26.42505
            ],
            [
              80.312234,
              26.425665
            ],
            [
              80.31212,
              26.426178
            ],
            [
              80.31212,
              26.426485
            ],
            [
              80.312921,
              26.426332
            ],
            [
              80.313608,
              26.42628
            ],
            [
              80.314352,
              26.42587
            ],
            [
              80.315439,
              26.425768
            ],
            [
              80.316184,
              26.42546
            ],
            [
              80.317099,
              26.425102
            ],
            [
              80.317958,
              26.424897
            ],
            [
              80.31853,
              26.424845
            ],
            [
              80.319389,
              26.424845
            ],
            [
              80.31916,
              26.424025
            ],
            [
              80.319102,
              26.423308
            ],
            [
              80.318988,
              26.422539
            ],
            [
              80.318874,
              26.421668
            ],
            [
              80.318874,
              26.420284
            ],
            [
              80.31853,
              26.419412
            ],
            [
              80.318416,
              26.418387
            ],
            [
              80.318072,
              26.417259
            ],
            [
              80.318129,
              26.416491
            ],
            [
              80.317901,
              26.415619
            ],
            [
              80.317901,
              26.414543
            ],
            [
              80.317614,
              26.413671
            ],
            [
              80.317614,
              26.4128
            ],
            [
              80.317557,
              26.412031
            ],
            [
              80.317385,
              26.411416
            ],
            [
              80.317328,
              26.410852
            ],
            [
              80.317156,
              26.410391
            ],
            [
              80.317042,
              26.409673
            ],
            [
              80.316756,
              26.409109
            ],
            [
              80.31647,
              26.408391
            ],
            [
              80.316298,
              26.408033
            ],
            [
              80.316184,
              26.407417
            ],
            [
              80.315668,
              26.406341
            ],
            [
              80.315611,
              26.406033
            ],
            [
              80.315382,
              26.405316
            ],
            [
              80.315153,
              26.404649
            ],
            [
              80.315039,
              26.403829
            ],
            [
              80.314867,
              26.403675
            ],
            [
              80.314581,
              26.402496
            ],
            [
              80.314238,
              26.403111
            ],
            [
              80.313722,
              26.404188
            ],
            [
              80.313265,
              26.404752
            ],
            [
              80.312864,
              26.405623
            ],
            [
              80.312692,
              26.406392
            ],
            [
              80.312578,
              26.407469
            ],
            [
              80.312578,
              26.40834
            ],
            [
              80.312749,
              26.409109
            ],
            [
              80.312807,
              26.409673
            ],
            [
              80.312807,
              26.410596
            ],
            [
              80.312978,
              26.411621
            ],
            [
              80.312978,
              26.412646
            ],
            [
              80.31315,
              26.41362
            ],
            [
              80.313207,
              26.413979
            ],
            [
              80.313207,
              26.414748
            ],
            [
              80.313207,
              26.41526
            ],
            [
              80.312921,
              26.416542
            ],
            [
              80.312921,
              26.417669
            ],
            [
              80.312864,
              26.418438
            ],
            [
              80.312578,
              26.419976
            ],
            [
              80.312807,
              26.421052
            ],
            [
              80.312635,
              26.422488
            ],
            [
              80.312463,
              26.42341
            ],
            [
              80.312406,
              26.424435
            ],
            [
              80.312234,
              26.425204
            ],
            [
              80.312005,
              26.42587
            ],
            [
              80.311948,
              26.426639
            ],
            [
              80.31252,
              26.42505
            ]
          ]
        ]
      }
    },
    {
      "type": "Feature",
      "properties": {
        "wardId": "W48",
        "wardNo": 48,
        "wardName": "Ward 48 - Pashupant Nagar",
        "zoneNo": 2,
        "source": "DataMeet Municipal Spatial Data"
      },
      "geometry": {
        "type": "Polygon",
        "coordinates": [
          [
            [
              80.319056,
              26.421832
            ],
            [
              80.3198,
              26.421319
            ],
            [
              80.321116,
              26.420704
            ],
            [
              80.322261,
              26.42055
            ],
            [
              80.323177,
              26.42014
            ],
            [
              80.324207,
              26.419525
            ],
            [
              80.325294,
              26.419166
            ],
            [
              80.326382,
              26.419013
            ],
            [
              80.32787,
              26.418346
            ],
            [
              80.328957,
              26.417936
            ],
            [
              80.329816,
              26.417475
            ],
            [
              80.330503,
              26.417167
            ],
            [
              80.331533,
              26.416757
            ],
            [
              80.330674,
              26.416398
            ],
            [
              80.329873,
              26.415732
            ],
            [
              80.329301,
              26.415373
            ],
            [
              80.328786,
              26.414963
            ],
            [
              80.327984,
              26.414297
            ],
            [
              80.327355,
              26.414143
            ],
            [
              80.326725,
              26.413477
            ],
            [
              80.325981,
              26.412913
            ],
            [
              80.324894,
              26.412349
            ],
            [
              80.323863,
              26.411683
            ],
            [
              80.322776,
              26.411067
            ],
            [
              80.321975,
              26.410606
            ],
            [
              80.321116,
              26.410094
            ],
            [
              80.320143,
              26.409581
            ],
            [
              80.31917,
              26.409222
            ],
            [
              80.318541,
              26.408863
            ],
            [
              80.317911,
              26.408504
            ],
            [
              80.317281,
              26.408197
            ],
            [
              80.316239,
              26.407902
            ],
            [
              80.316686,
              26.409094
            ],
            [
              80.317127,
              26.410214
            ],
            [
              80.317238,
              26.411244
            ],
            [
              80.317361,
              26.411952
            ],
            [
              80.317568,
              26.412605
            ],
            [
              80.317544,
              26.413672
            ],
            [
              80.317601,
              26.415209
            ],
            [
              80.31783,
              26.41603
            ],
            [
              80.318059,
              26.416901
            ],
            [
              80.318174,
              26.417772
            ],
            [
              80.318288,
              26.418439
            ],
            [
              80.318655,
              26.419064
            ],
            [
              80.318655,
              26.420038
            ],
            [
              80.318884,
              26.421012
            ],
            [
              80.318998,
              26.421986
            ],
            [
              80.319056,
              26.421832
            ]
          ]
        ]
      }
    },
    {
      "type": "Feature",
      "properties": {
        "wardId": "W80",
        "wardNo": 80,
        "wardName": "Ward 80 - Barra East",
        "zoneNo": 3,
        "source": "DataMeet Municipal Spatial Data"
      },
      "geometry": {
        "type": "Polygon",
        "coordinates": [
          [
            [
              80.304088,
              26.436529
            ],
            [
              80.303401,
              26.437349
            ],
            [
              80.302914,
              26.437733
            ],
            [
              80.302628,
              26.438194
            ],
            [
              80.303372,
              26.438796
            ],
            [
              80.304059,
              26.439155
            ],
            [
              80.304603,
              26.438719
            ],
            [
              80.305204,
              26.438156
            ],
            [
              80.305633,
              26.437515
            ],
            [
              80.306034,
              26.436823
            ],
            [
              80.306463,
              26.436311
            ],
            [
              80.306978,
              26.435593
            ],
            [
              80.307436,
              26.434953
            ],
            [
              80.308065,
              26.434389
            ],
            [
              80.308409,
              26.433851
            ],
            [
              80.308352,
              26.43353
            ],
            [
              80.308151,
              26.432813
            ],
            [
              80.307951,
              26.432249
            ],
            [
              80.307722,
              26.431429
            ],
            [
              80.307436,
              26.430558
            ],
            [
              80.307092,
              26.429584
            ],
            [
              80.306806,
              26.428918
            ],
            [
              80.306406,
              26.428303
            ],
            [
              80.306034,
              26.427636
            ],
            [
              80.30569,
              26.427226
            ],
            [
              80.305375,
              26.426765
            ],
            [
              80.305089,
              26.426227
            ],
            [
              80.304803,
              26.425586
            ],
            [
              80.30466,
              26.425253
            ],
            [
              80.304288,
              26.424741
            ],
            [
              80.304145,
              26.424331
            ],
            [
              80.303859,
              26.423921
            ],
            [
              80.303801,
              26.423767
            ],
            [
              80.303029,
              26.424254
            ],
            [
              80.302084,
              26.424638
            ],
            [
              80.301512,
              26.424946
            ],
            [
              80.300825,
              26.425304
            ],
            [
              80.300167,
              26.425714
            ],
            [
              80.299537,
              26.42615
            ],
            [
              80.298908,
              26.426304
            ],
            [
              80.298421,
              26.426458
            ],
            [
              80.297906,
              26.426791
            ],
            [
              80.297591,
              26.426945
            ],
            [
              80.298078,
              26.427534
            ],
            [
              80.298479,
              26.427816
            ],
            [
              80.298593,
              26.428508
            ],
            [
              80.299194,
              26.428764
            ],
            [
              80.299452,
              26.429328
            ],
            [
              80.299795,
              26.429892
            ],
            [
              80.299995,
              26.430327
            ],
            [
              80.300224,
              26.430583
            ],
            [
              80.300453,
              26.430891
            ],
            [
              80.300453,
              26.431301
            ],
            [
              80.299967,
              26.431506
            ],
            [
              80.299652,
              26.43166
            ],
            [
              80.299652,
              26.432403
            ],
            [
              80.300253,
              26.433172
            ],
            [
              80.300682,
              26.433761
            ],
            [
              80.300768,
              26.433864
            ],
            [
              80.301169,
              26.434325
            ],
            [
              80.301884,
              26.434658
            ],
            [
              80.302371,
              26.435145
            ],
            [
              80.302771,
              26.435555
            ],
            [
              80.3032,
              26.435939
            ],
            [
              80.30363,
              26.436272
            ],
            [
              80.303944,
              26.436682
            ],
            [
              80.304088,
              26.436529
            ]
          ]
        ]
      }
    },
    {
      "type": "Feature",
      "properties": {
        "wardId": "W24",
        "wardNo": 24,
        "wardName": "Ward 24 - Usmanpur",
        "zoneNo": 3,
        "source": "DataMeet Municipal Spatial Data"
      },
      "geometry": {
        "type": "Polygon",
        "coordinates": [
          [
            [
              80.308238,
              26.434003
            ],
            [
              80.308467,
              26.434926
            ],
            [
              80.308582,
              26.436515
            ],
            [
              80.308582,
              26.437591
            ],
            [
              80.308639,
              26.43836
            ],
            [
              80.308696,
              26.439538
            ],
            [
              80.308696,
              26.440409
            ],
            [
              80.308696,
              26.441076
            ],
            [
              80.308696,
              26.441998
            ],
            [
              80.309612,
              26.441639
            ],
            [
              80.310127,
              26.441127
            ],
            [
              80.310871,
              26.440768
            ],
            [
              80.311672,
              26.440204
            ],
            [
              80.312359,
              26.439846
            ],
            [
              80.313046,
              26.439641
            ],
            [
              80.314134,
              26.438821
            ],
            [
              80.314878,
              26.438308
            ],
            [
              80.315851,
              26.437745
            ],
            [
              80.316423,
              26.437078
            ],
            [
              80.317339,
              26.436463
            ],
            [
              80.317911,
              26.436105
            ],
            [
              80.318598,
              26.435643
            ],
            [
              80.31917,
              26.435028
            ],
            [
              80.319914,
              26.43467
            ],
            [
              80.320601,
              26.434311
            ],
            [
              80.321231,
              26.434003
            ],
            [
              80.321746,
              26.433952
            ],
            [
              80.321173,
              26.433132
            ],
            [
              80.320944,
              26.432568
            ],
            [
              80.320773,
              26.431646
            ],
            [
              80.320544,
              26.430774
            ],
            [
              80.320487,
              26.429954
            ],
            [
              80.320258,
              26.429339
            ],
            [
              80.320258,
              26.428724
            ],
            [
              80.320086,
              26.428314
            ],
            [
              80.3198,
              26.427904
            ],
            [
              80.319743,
              26.427392
            ],
            [
              80.319743,
              26.426674
            ],
            [
              80.319628,
              26.425957
            ],
            [
              80.319456,
              26.425495
            ],
            [
              80.319456,
              26.425034
            ],
            [
              80.318998,
              26.425034
            ],
            [
              80.318312,
              26.425188
            ],
            [
              80.317568,
              26.425239
            ],
            [
              80.316537,
              26.425598
            ],
            [
              80.315851,
              26.425905
            ],
            [
              80.314878,
              26.42611
            ],
            [
              80.314305,
              26.426264
            ],
            [
              80.313618,
              26.426367
            ],
            [
              80.312874,
              26.426572
            ],
            [
              80.312416,
              26.426623
            ],
            [
              80.312188,
              26.426469
            ],
            [
              80.312474,
              26.425752
            ],
            [
              80.312474,
              26.425085
            ],
            [
              80.311787,
              26.425598
            ],
            [
              80.311272,
              26.425905
            ],
            [
              80.310413,
              26.426213
            ],
            [
              80.309498,
              26.426572
            ],
            [
              80.308925,
              26.426879
            ],
            [
              80.308009,
              26.427443
            ],
            [
              80.307208,
              26.427699
            ],
            [
              80.306521,
              26.427904
            ],
            [
              80.30635,
              26.427956
            ],
            [
              80.306521,
              26.428366
            ],
            [
              80.307094,
              26.429903
            ],
            [
              80.307094,
              26.430672
            ],
            [
              80.307494,
              26.431338
            ],
            [
              80.308067,
              26.432261
            ],
            [
              80.308067,
              26.433183
            ],
            [
              80.30841,
              26.434055
            ],
            [
              80.308238,
              26.434003
            ]
          ]
        ]
      }
    },
    {
      "type": "Feature",
      "properties": {
        "wardId": "W55",
        "wardNo": 55,
        "wardName": "Ward 55 - Kidwai Nagar South",
        "zoneNo": 3,
        "source": "DataMeet Municipal Spatial Data"
      },
      "geometry": {
        "type": "Polygon",
        "coordinates": [
          [
            [
              80.321896,
              26.433529
            ],
            [
              80.32264,
              26.43317
            ],
            [
              80.323499,
              26.432606
            ],
            [
              80.324529,
              26.432145
            ],
            [
              80.325388,
              26.431838
            ],
            [
              80.32596,
              26.43153
            ],
            [
              80.326804,
              26.431066
            ],
            [
              80.327448,
              26.430813
            ],
            [
              80.328399,
              26.430312
            ],
            [
              80.328756,
              26.430681
            ],
            [
              80.329328,
              26.431552
            ],
            [
              80.330254,
              26.43277
            ],
            [
              80.330883,
              26.432565
            ],
            [
              80.331753,
              26.432105
            ],
            [
              80.332921,
              26.431418
            ],
            [
              80.33259,
              26.430271
            ],
            [
              80.332419,
              26.429246
            ],
            [
              80.331674,
              26.428989
            ],
            [
              80.333113,
              26.428569
            ],
            [
              80.334086,
              26.42821
            ],
            [
              80.335059,
              26.428005
            ],
            [
              80.336376,
              26.427697
            ],
            [
              80.335509,
              26.426991
            ],
            [
              80.334765,
              26.426222
            ],
            [
              80.33425,
              26.425351
            ],
            [
              80.333849,
              26.424838
            ],
            [
              80.332991,
              26.423864
            ],
            [
              80.33219,
              26.423096
            ],
            [
              80.33156,
              26.422019
            ],
            [
              80.331168,
              26.421597
            ],
            [
              80.331263,
              26.420441
            ],
            [
              80.331257,
              26.419377
            ],
            [
              80.331446,
              26.41879
            ],
            [
              80.332064,
              26.418675
            ],
            [
              80.332682,
              26.41827
            ],
            [
              80.333163,
              26.417765
            ],
            [
              80.332304,
              26.41715
            ],
            [
              80.331961,
              26.416791
            ],
            [
              80.33156,
              26.416535
            ],
            [
              80.331515,
              26.416717
            ],
            [
              80.330433,
              26.417073
            ],
            [
              80.329346,
              26.417381
            ],
            [
              80.328316,
              26.417791
            ],
            [
              80.327457,
              26.41815
            ],
            [
              80.32567,
              26.418948
            ],
            [
              80.324853,
              26.419088
            ],
            [
              80.32437,
              26.419481
            ],
            [
              80.323733,
              26.419585
            ],
            [
              80.322838,
              26.420067
            ],
            [
              80.321865,
              26.420477
            ],
            [
              80.320377,
              26.421092
            ],
            [
              80.319003,
              26.421759
            ],
            [
              80.318797,
              26.422173
            ],
            [
              80.319083,
              26.423506
            ],
            [
              80.319369,
              26.424377
            ],
            [
              80.319369,
              26.425402
            ],
            [
              80.319655,
              26.426888
            ],
            [
              80.31977,
              26.427913
            ],
            [
              80.320113,
              26.428682
            ],
            [
              80.320399,
              26.429964
            ],
            [
              80.320869,
              26.430966
            ],
            [
              80.321098,
              26.432196
            ],
            [
              80.321372,
              26.433192
            ],
            [
              80.321896,
              26.433529
            ]
          ]
        ]
      }
    },
    {
      "type": "Feature",
      "properties": {
        "wardId": "W79",
        "wardNo": 79,
        "wardName": "Ward 79 - Juhikala",
        "zoneNo": 3,
        "source": "DataMeet Municipal Spatial Data"
      },
      "geometry": {
        "type": "Polygon",
        "coordinates": [
          [
            [
              80.312193,
              26.440062
            ],
            [
              80.312708,
              26.44078
            ],
            [
              80.313624,
              26.441651
            ],
            [
              80.314081,
              26.442522
            ],
            [
              80.314654,
              26.443547
            ],
            [
              80.314826,
              26.444162
            ],
            [
              80.315112,
              26.445033
            ],
            [
              80.315341,
              26.445648
            ],
            [
              80.314711,
              26.445751
            ],
            [
              80.314024,
              26.445699
            ],
            [
              80.313681,
              26.445699
            ],
            [
              80.312937,
              26.445699
            ],
            [
              80.312307,
              26.445699
            ],
            [
              80.312193,
              26.446468
            ],
            [
              80.312193,
              26.446878
            ],
            [
              80.312322,
              26.447616
            ],
            [
              80.312322,
              26.447873
            ],
            [
              80.313009,
              26.447821
            ],
            [
              80.313695,
              26.447719
            ],
            [
              80.314726,
              26.447668
            ],
            [
              80.315584,
              26.447565
            ],
            [
              80.316271,
              26.447565
            ],
            [
              80.317129,
              26.447668
            ],
            [
              80.317874,
              26.447616
            ],
            [
              80.318618,
              26.447565
            ],
            [
              80.319304,
              26.447616
            ],
            [
              80.319648,
              26.447616
            ],
            [
              80.319519,
              26.446622
            ],
            [
              80.319633,
              26.445699
            ],
            [
              80.319633,
              26.444982
            ],
            [
              80.319862,
              26.444418
            ],
            [
              80.32032,
              26.443957
            ],
            [
              80.320663,
              26.443547
            ],
            [
              80.320778,
              26.443342
            ],
            [
              80.320435,
              26.442881
            ],
            [
              80.319862,
              26.442163
            ],
            [
              80.319576,
              26.441907
            ],
            [
              80.318946,
              26.441087
            ],
            [
              80.318431,
              26.440524
            ],
            [
              80.317916,
              26.439857
            ],
            [
              80.317344,
              26.439089
            ],
            [
              80.316772,
              26.438474
            ],
            [
              80.316428,
              26.438217
            ],
            [
              80.316371,
              26.438115
            ],
            [
              80.316142,
              26.437705
            ],
            [
              80.316027,
              26.437449
            ],
            [
              80.31557,
              26.437859
            ],
            [
              80.315112,
              26.437961
            ],
            [
              80.314597,
              26.43832
            ],
            [
              80.313738,
              26.438832
            ],
            [
              80.313166,
              26.439191
            ],
            [
              80.312479,
              26.439499
            ],
            [
              80.311907,
              26.439857
            ],
            [
              80.312021,
              26.440114
            ],
            [
              80.312193,
              26.440062
            ]
          ]
        ]
      }
    },
    {
      "type": "Feature",
      "properties": {
        "wardId": "W25",
        "wardNo": 25,
        "wardName": "Ward 25 - Juhi Hamirpur Road",
        "zoneNo": 3,
        "source": "DataMeet Municipal Spatial Data"
      },
      "geometry": {
        "type": "Polygon",
        "coordinates": [
          [
            [
              80.32079,
              26.443538
            ],
            [
              80.320275,
              26.443999
            ],
            [
              80.319932,
              26.44446
            ],
            [
              80.319874,
              26.44487
            ],
            [
              80.319817,
              26.445229
            ],
            [
              80.319588,
              26.445844
            ],
            [
              80.320618,
              26.445946
            ],
            [
              80.321857,
              26.446108
            ],
            [
              80.32243,
              26.446211
            ],
            [
              80.323059,
              26.446262
            ],
            [
              80.32346,
              26.446364
            ],
            [
              80.323881,
              26.446356
            ],
            [
              80.324281,
              26.445998
            ],
            [
              80.324854,
              26.445742
            ],
            [
              80.325254,
              26.445485
            ],
            [
              80.325884,
              26.445229
            ],
            [
              80.326571,
              26.444922
            ],
            [
              80.327086,
              26.444665
            ],
            [
              80.327715,
              26.44446
            ],
            [
              80.327258,
              26.44364
            ],
            [
              80.326971,
              26.44323
            ],
            [
              80.326514,
              26.442615
            ],
            [
              80.32617,
              26.442052
            ],
            [
              80.325827,
              26.441437
            ],
            [
              80.325655,
              26.441078
            ],
            [
              80.325312,
              26.440412
            ],
            [
              80.324911,
              26.439797
            ],
            [
              80.324453,
              26.438874
            ],
            [
              80.324052,
              26.438259
            ],
            [
              80.323652,
              26.437388
            ],
            [
              80.323079,
              26.436414
            ],
            [
              80.322679,
              26.435799
            ],
            [
              80.322393,
              26.435133
            ],
            [
              80.322221,
              26.434416
            ],
            [
              80.321935,
              26.433749
            ],
            [
              80.321534,
              26.433852
            ],
            [
              80.321076,
              26.434057
            ],
            [
              80.320676,
              26.434262
            ],
            [
              80.320046,
              26.434672
            ],
            [
              80.31976,
              26.434774
            ],
            [
              80.319588,
              26.434877
            ],
            [
              80.319016,
              26.435236
            ],
            [
              80.318558,
              26.435441
            ],
            [
              80.318043,
              26.435851
            ],
            [
              80.317585,
              26.436107
            ],
            [
              80.317184,
              26.436414
            ],
            [
              80.316669,
              26.436824
            ],
            [
              80.316269,
              26.437132
            ],
            [
              80.315753,
              26.437439
            ],
            [
              80.316097,
              26.437849
            ],
            [
              80.31644,
              26.438157
            ],
            [
              80.316898,
              26.438516
            ],
            [
              80.317528,
              26.439284
            ],
            [
              80.317928,
              26.439797
            ],
            [
              80.318272,
              26.440207
            ],
            [
              80.318844,
              26.440924
            ],
            [
              80.319073,
              26.441181
            ],
            [
              80.319474,
              26.441693
            ],
            [
              80.319874,
              26.442154
            ],
            [
              80.320218,
              26.442513
            ],
            [
              80.320447,
              26.442923
            ],
            [
              80.320847,
              26.443333
            ],
            [
              80.320733,
              26.443435
            ],
            [
              80.32079,
              26.443538
            ]
          ]
        ]
      }
    },
    {
      "type": "Feature",
      "properties": {
        "wardId": "W23",
        "wardNo": 23,
        "wardName": "Ward 23 - Kidwai Nagar Sabzi Mandi",
        "zoneNo": 3,
        "source": "DataMeet Municipal Spatial Data"
      },
      "geometry": {
        "type": "Polygon",
        "coordinates": [
          [
            [
              80.327586,
              26.444314
            ],
            [
              80.327029,
              26.444629
            ],
            [
              80.326227,
              26.444937
            ],
            [
              80.325541,
              26.445193
            ],
            [
              80.325025,
              26.445603
            ],
            [
              80.324625,
              26.445757
            ],
            [
              80.324379,
              26.445801
            ],
            [
              80.324058,
              26.446364
            ],
            [
              80.324605,
              26.446618
            ],
            [
              80.325864,
              26.44672
            ],
            [
              80.326551,
              26.446874
            ],
            [
              80.327698,
              26.447033
            ],
            [
              80.328442,
              26.447186
            ],
            [
              80.329475,
              26.447388
            ],
            [
              80.330105,
              26.44744
            ],
            [
              80.33062,
              26.44703
            ],
            [
              80.331307,
              26.446825
            ],
            [
              80.331822,
              26.446569
            ],
            [
              80.332394,
              26.44621
            ],
            [
              80.332795,
              26.446005
            ],
            [
              80.332222,
              26.445697
            ],
            [
              80.332337,
              26.445287
            ],
            [
              80.332394,
              26.444929
            ],
            [
              80.33268,
              26.444468
            ],
            [
              80.332852,
              26.443904
            ],
            [
              80.333081,
              26.443648
            ],
            [
              80.332967,
              26.443289
            ],
            [
              80.332566,
              26.442879
            ],
            [
              80.332222,
              26.44252
            ],
            [
              80.331879,
              26.442161
            ],
            [
              80.331822,
              26.441956
            ],
            [
              80.331536,
              26.441546
            ],
            [
              80.331421,
              26.441495
            ],
            [
              80.331421,
              26.441188
            ],
            [
              80.331765,
              26.440675
            ],
            [
              80.332165,
              26.440265
            ],
            [
              80.332566,
              26.439702
            ],
            [
              80.332852,
              26.43924
            ],
            [
              80.333195,
              26.438984
            ],
            [
              80.333482,
              26.438574
            ],
            [
              80.334226,
              26.438523
            ],
            [
              80.334912,
              26.438113
            ],
            [
              80.335428,
              26.43801
            ],
            [
              80.336114,
              26.437959
            ],
            [
              80.336229,
              26.437805
            ],
            [
              80.336343,
              26.437242
            ],
            [
              80.336458,
              26.436575
            ],
            [
              80.336401,
              26.435755
            ],
            [
              80.336401,
              26.435192
            ],
            [
              80.336458,
              26.434525
            ],
            [
              80.336401,
              26.434013
            ],
            [
              80.336343,
              26.433705
            ],
            [
              80.335714,
              26.433552
            ],
            [
              80.335141,
              26.433449
            ],
            [
              80.334283,
              26.433449
            ],
            [
              80.333367,
              26.433859
            ],
            [
              80.332414,
              26.434215
            ],
            [
              80.331536,
              26.434679
            ],
            [
              80.33062,
              26.435243
            ],
            [
              80.329862,
              26.435845
            ],
            [
              80.328955,
              26.436691
            ],
            [
              80.328079,
              26.437431
            ],
            [
              80.327278,
              26.438098
            ],
            [
              80.32682,
              26.438559
            ],
            [
              80.326019,
              26.439123
            ],
            [
              80.325675,
              26.43943
            ],
            [
              80.325275,
              26.439891
            ],
            [
              80.32516,
              26.440045
            ],
            [
              80.325297,
              26.440368
            ],
            [
              80.325469,
              26.440778
            ],
            [
              80.325755,
              26.441341
            ],
            [
              80.326098,
              26.441751
            ],
            [
              80.326442,
              26.442315
            ],
            [
              80.326785,
              26.44293
            ],
            [
              80.327186,
              26.443443
            ],
            [
              80.327529,
              26.443904
            ],
            [
              80.327644,
              26.444263
            ],
            [
              80.327586,
              26.444314
            ]
          ]
        ]
      }
    },
    {
      "type": "Feature",
      "properties": {
        "wardId": "W90",
        "wardNo": 90,
        "wardName": "Ward 90 - Kidwai Nagar North",
        "zoneNo": 3,
        "source": "DataMeet Municipal Spatial Data"
      },
      "geometry": {
        "type": "Polygon",
        "coordinates": [
          [
            [
              80.324937,
              26.439522
            ],
            [
              80.32548,
              26.439189
            ],
            [
              80.32631,
              26.438651
            ],
            [
              80.326654,
              26.438112
            ],
            [
              80.327083,
              26.437651
            ],
            [
              80.327569,
              26.437318
            ],
            [
              80.328428,
              26.436626
            ],
            [
              80.329115,
              26.436139
            ],
            [
              80.330059,
              26.435524
            ],
            [
              80.33086,
              26.435166
            ],
            [
              80.331461,
              26.434679
            ],
            [
              80.332348,
              26.434012
            ],
            [
              80.33335,
              26.433705
            ],
            [
              80.333951,
              26.433321
            ],
            [
              80.334409,
              26.433295
            ],
            [
              80.335096,
              26.433167
            ],
            [
              80.335611,
              26.433244
            ],
            [
              80.336212,
              26.433346
            ],
            [
              80.336298,
              26.433064
            ],
            [
              80.336298,
              26.432757
            ],
            [
              80.336326,
              26.432475
            ],
            [
              80.336269,
              26.432167
            ],
            [
              80.33624,
              26.431962
            ],
            [
              80.336841,
              26.431834
            ],
            [
              80.337385,
              26.431732
            ],
            [
              80.337929,
              26.431706
            ],
            [
              80.338415,
              26.431578
            ],
            [
              80.338873,
              26.431501
            ],
            [
              80.339102,
              26.431271
            ],
            [
              80.339217,
              26.431014
            ],
            [
              80.339531,
              26.431168
            ],
            [
              80.339646,
              26.430809
            ],
            [
              80.339703,
              26.43045
            ],
            [
              80.33936,
              26.430092
            ],
            [
              80.339102,
              26.429887
            ],
            [
              80.338558,
              26.42963
            ],
            [
              80.337786,
              26.429579
            ],
            [
              80.337271,
              26.429502
            ],
            [
              80.336927,
              26.4294
            ],
            [
              80.336469,
              26.429477
            ],
            [
              80.336155,
              26.429579
            ],
            [
              80.335496,
              26.429528
            ],
            [
              80.334752,
              26.429733
            ],
            [
              80.33398,
              26.429784
            ],
            [
              80.333407,
              26.429964
            ],
            [
              80.332921,
              26.430066
            ],
            [
              80.33272,
              26.430143
            ],
            [
              80.332778,
              26.430681
            ],
            [
              80.332778,
              26.430963
            ],
            [
              80.332914,
              26.431505
            ],
            [
              80.332137,
              26.431904
            ],
            [
              80.331422,
              26.432262
            ],
            [
              80.330878,
              26.432442
            ],
            [
              80.33022,
              26.432801
            ],
            [
              80.329876,
              26.432442
            ],
            [
              80.329641,
              26.431996
            ],
            [
              80.329441,
              26.431714
            ],
            [
              80.329212,
              26.431381
            ],
            [
              80.328955,
              26.431125
            ],
            [
              80.328812,
              26.430894
            ],
            [
              80.32864,
              26.430587
            ],
            [
              80.32844,
              26.430382
            ],
            [
              80.328027,
              26.430374
            ],
            [
              80.327398,
              26.430502
            ],
            [
              80.326883,
              26.430758
            ],
            [
              80.325995,
              26.43104
            ],
            [
              80.325194,
              26.43145
            ],
            [
              80.324679,
              26.431578
            ],
            [
              80.323992,
              26.432065
            ],
            [
              80.323277,
              26.432501
            ],
            [
              80.322819,
              26.432782
            ],
            [
              80.322132,
              26.432885
            ],
            [
              80.321588,
              26.433141
            ],
            [
              80.322046,
              26.433884
            ],
            [
              80.322332,
              26.43473
            ],
            [
              80.322561,
              26.435242
            ],
            [
              80.322819,
              26.435729
            ],
            [
              80.323048,
              26.436293
            ],
            [
              80.323363,
              26.436703
            ],
            [
              80.323649,
              26.437395
            ],
            [
              80.324107,
              26.43801
            ],
            [
              80.324278,
              26.438548
            ],
            [
              80.32445,
              26.439061
            ],
            [
              80.324622,
              26.439419
            ],
            [
              80.324879,
              26.43965
            ],
            [
              80.325108,
              26.439547
            ],
            [
              80.324937,
              26.439522
            ]
          ]
        ]
      }
    },
    {
      "type": "Feature",
      "properties": {
        "wardId": "W12",
        "wardNo": 12,
        "wardName": "Ward 12 - Transport Nagar / Civil Lines",
        "zoneNo": 3,
        "source": "DataMeet Municipal Spatial Data"
      },
      "geometry": {
        "type": "Polygon",
        "coordinates": [
          [
            [
              80.340082,
              26.451359
            ],
            [
              80.340512,
              26.451078
            ],
            [
              80.341141,
              26.45054
            ],
            [
              80.341857,
              26.450078
            ],
            [
              80.342572,
              26.449643
            ],
            [
              80.342744,
              26.44954
            ],
            [
              80.342744,
              26.449182
            ],
            [
              80.342887,
              26.448567
            ],
            [
              80.342973,
              26.44808
            ],
            [
              80.343001,
              26.447644
            ],
            [
              80.343001,
              26.447209
            ],
            [
              80.343001,
              26.446876
            ],
            [
              80.343001,
              26.446517
            ],
            [
              80.343001,
              26.446338
            ],
            [
              80.342601,
              26.446312
            ],
            [
              80.342486,
              26.445902
            ],
            [
              80.342085,
              26.445569
            ],
            [
              80.341713,
              26.445287
            ],
            [
              80.341227,
              26.44498
            ],
            [
              80.340969,
              26.444775
            ],
            [
              80.340512,
              26.444313
            ],
            [
              80.340225,
              26.443955
            ],
            [
              80.339624,
              26.44334
            ],
            [
              80.339195,
              26.442827
            ],
            [
              80.338852,
              26.442417
            ],
            [
              80.338422,
              26.441905
            ],
            [
              80.33805,
              26.441444
            ],
            [
              80.33765,
              26.44088
            ],
            [
              80.337221,
              26.44006
            ],
            [
              80.336934,
              26.439266
            ],
            [
              80.336677,
              26.438676
            ],
            [
              80.336391,
              26.438189
            ],
            [
              80.336121,
              26.438036
            ],
            [
              80.335647,
              26.437702
            ],
            [
              80.335217,
              26.437856
            ],
            [
              80.334702,
              26.438138
            ],
            [
              80.334387,
              26.438189
            ],
            [
              80.333901,
              26.438343
            ],
            [
              80.333214,
              26.438548
            ],
            [
              80.332928,
              26.438907
            ],
            [
              80.332556,
              26.439368
            ],
            [
              80.332155,
              26.439906
            ],
            [
              80.331904,
              26.440365
            ],
            [
              80.331635,
              26.440837
            ],
            [
              80.331426,
              26.44138
            ],
            [
              80.331557,
              26.442013
            ],
            [
              80.332038,
              26.442277
            ],
            [
              80.33247,
              26.442622
            ],
            [
              80.332842,
              26.443058
            ],
            [
              80.333157,
              26.443468
            ],
            [
              80.333106,
              26.443829
            ],
            [
              80.332799,
              26.444142
            ],
            [
              80.332527,
              26.444365
            ],
            [
              80.332298,
              26.444954
            ],
            [
              80.332241,
              26.445338
            ],
            [
              80.332438,
              26.445702
            ],
            [
              80.33273,
              26.446028
            ],
            [
              80.332427,
              26.446256
            ],
            [
              80.33201,
              26.446502
            ],
            [
              80.331624,
              26.446679
            ],
            [
              80.331194,
              26.446858
            ],
            [
              80.330805,
              26.446892
            ],
            [
              80.330367,
              26.447089
            ],
            [
              80.330007,
              26.447517
            ],
            [
              80.330647,
              26.447768
            ],
            [
              80.331383,
              26.447975
            ],
            [
              80.331984,
              26.448003
            ],
            [
              80.332642,
              26.448208
            ],
            [
              80.333271,
              26.44831
            ],
            [
              80.333729,
              26.448464
            ],
            [
              80.334073,
              26.448695
            ],
            [
              80.334788,
              26.448951
            ],
            [
              80.335589,
              26.449387
            ],
            [
              80.336219,
              26.44995
            ],
            [
              80.336705,
              26.450181
            ],
            [
              80.337335,
              26.450514
            ],
            [
              80.337764,
              26.450745
            ],
            [
              80.338508,
              26.451078
            ],
            [
              80.339281,
              26.451308
            ],
            [
              80.340025,
              26.451539
            ],
            [
              80.340168,
              26.451411
            ],
            [
              80.340082,
              26.451359
            ]
          ]
        ]
      }
    },
    {
      "type": "Feature",
      "properties": {
        "wardId": "W96",
        "wardNo": 96,
        "wardName": "Ward 96 - Baboo Purwa",
        "zoneNo": 3,
        "source": "DataMeet Municipal Spatial Data"
      },
      "geometry": {
        "type": "Polygon",
        "coordinates": [
          [
            [
              80.342808,
              26.446376
            ],
            [
              80.343295,
              26.445992
            ],
            [
              80.343953,
              26.445556
            ],
            [
              80.344468,
              26.445044
            ],
            [
              80.345126,
              26.444685
            ],
            [
              80.345527,
              26.444326
            ],
            [
              80.34607,
              26.443967
            ],
            [
              80.3465,
              26.443737
            ],
            [
              80.346099,
              26.44325
            ],
            [
              80.345727,
              26.442584
            ],
            [
              80.345241,
              26.442251
            ],
            [
              80.344954,
              26.441687
            ],
            [
              80.344611,
              26.441431
            ],
            [
              80.34421,
              26.441226
            ],
            [
              80.343838,
              26.440816
            ],
            [
              80.343495,
              26.440457
            ],
            [
              80.343066,
              26.440098
            ],
            [
              80.342751,
              26.439637
            ],
            [
              80.34235,
              26.439304
            ],
            [
              80.342064,
              26.439048
            ],
            [
              80.341377,
              26.439535
            ],
            [
              80.340891,
              26.439868
            ],
            [
              80.341062,
              26.440457
            ],
            [
              80.340776,
              26.440636
            ],
            [
              80.340433,
              26.440841
            ],
            [
              80.340662,
              26.441303
            ],
            [
              80.340833,
              26.441687
            ],
            [
              80.341177,
              26.442251
            ],
            [
              80.341234,
              26.442584
            ],
            [
              80.341492,
              26.442917
            ],
            [
              80.341177,
              26.443148
            ],
            [
              80.340748,
              26.443404
            ],
            [
              80.340347,
              26.443839
            ],
            [
              80.340089,
              26.444044
            ],
            [
              80.34049,
              26.44448
            ],
            [
              80.341034,
              26.444787
            ],
            [
              80.341406,
              26.445172
            ],
            [
              80.342064,
              26.445684
            ],
            [
              80.342694,
              26.446069
            ],
            [
              80.342808,
              26.446274
            ],
            [
              80.342808,
              26.446376
            ]
          ]
        ]
      }
    },
    {
      "type": "Feature",
      "properties": {
        "wardId": "W95",
        "wardNo": 95,
        "wardName": "Ward 95 - Chandari",
        "zoneNo": 2,
        "source": "DataMeet Municipal Spatial Data"
      },
      "geometry": {
        "type": "Polygon",
        "coordinates": [
          [
            [
              80.347879,
              26.430436
            ],
            [
              80.347971,
              26.430354
            ],
            [
              80.348107,
              26.430721
            ],
            [
              80.34838,
              26.431088
            ],
            [
              80.348654,
              26.431496
            ],
            [
              80.348938,
              26.431924
            ],
            [
              80.349371,
              26.432515
            ],
            [
              80.349872,
              26.43331
            ],
            [
              80.350259,
              26.434044
            ],
            [
              80.350623,
              26.434534
            ],
            [
              80.351079,
              26.435288
            ],
            [
              80.351306,
              26.435737
            ],
            [
              80.351306,
              26.436613
            ],
            [
              80.351124,
              26.437184
            ],
            [
              80.350646,
              26.437307
            ],
            [
              80.350828,
              26.437816
            ],
            [
              80.351101,
              26.438306
            ],
            [
              80.351443,
              26.438866
            ],
            [
              80.351671,
              26.43854
            ],
            [
              80.352149,
              26.438336
            ],
            [
              80.352763,
              26.437949
            ],
            [
              80.35331,
              26.437684
            ],
            [
              80.353947,
              26.437358
            ],
            [
              80.354403,
              26.437113
            ],
            [
              80.354926,
              26.436827
            ],
            [
              80.355974,
              26.436359
            ],
            [
              80.356611,
              26.43591
            ],
            [
              80.357272,
              26.435604
            ],
            [
              80.357909,
              26.435319
            ],
            [
              80.358456,
              26.435094
            ],
            [
              80.359048,
              26.434707
            ],
            [
              80.359594,
              26.434422
            ],
            [
              80.360141,
              26.433953
            ],
            [
              80.360641,
              26.433586
            ],
            [
              80.360869,
              26.433361
            ],
            [
              80.360437,
              26.432546
            ],
            [
              80.360027,
              26.431873
            ],
            [
              80.359708,
              26.431343
            ],
            [
              80.359412,
              26.430874
            ],
            [
              80.359116,
              26.430364
            ],
            [
              80.358797,
              26.429997
            ],
            [
              80.358547,
              26.429671
            ],
            [
              80.358069,
              26.429263
            ],
            [
              80.357795,
              26.428815
            ],
            [
              80.357477,
              26.428611
            ],
            [
              80.35709,
              26.428509
            ],
            [
              80.356247,
              26.42855
            ],
            [
              80.355632,
              26.428529
            ],
            [
              80.354904,
              26.428611
            ],
            [
              80.35438,
              26.428754
            ],
            [
              80.353674,
              26.428957
            ],
            [
              80.353014,
              26.429059
            ],
            [
              80.352422,
              26.429284
            ],
            [
              80.351739,
              26.429222
            ],
            [
              80.351215,
              26.429182
            ],
            [
              80.350851,
              26.429161
            ],
            [
              80.350509,
              26.429059
            ],
            [
              80.350213,
              26.428733
            ],
            [
              80.349849,
              26.428896
            ],
            [
              80.349553,
              26.429141
            ],
            [
              80.349075,
              26.429467
            ],
            [
              80.348551,
              26.429753
            ],
            [
              80.348073,
              26.43012
            ],
            [
              80.3478,
              26.430324
            ],
            [
              80.347982,
              26.430568
            ],
            [
              80.347879,
              26.430436
            ]
          ]
        ]
      }
    },
    {
      "type": "Feature",
      "properties": {
        "wardId": "W74",
        "wardNo": 74,
        "wardName": "Ward 74 - Shyam Nagar",
        "zoneNo": 2,
        "source": "Kanpur Nagar Nigam / DataMeet GIS (Precision Verified)"
      },
      "geometry": {
        "type": "Polygon",
        "coordinates": [
          [
            [
              80.3495,
              26.4275
            ],
            [
              80.3525,
              26.4293
            ],
            [
              80.3575,
              26.4285
            ],
            [
              80.362,
              26.4255
            ],
            [
              80.3665,
              26.4215
            ],
            [
              80.371,
              26.417
            ],
            [
              80.375,
              26.413
            ],
            [
              80.3785,
              26.4095
            ],
            [
              80.3815,
              26.4065
            ],
            [
              80.3805,
              26.4055
            ],
            [
              80.3765,
              26.4045
            ],
            [
              80.3725,
              26.4065
            ],
            [
              80.368,
              26.4075
            ],
            [
              80.362,
              26.4075
            ],
            [
              80.356,
              26.408
            ],
            [
              80.351,
              26.409
            ],
            [
              80.3485,
              26.415
            ],
            [
              80.348,
              26.421
            ],
            [
              80.3495,
              26.4275
            ]
          ]
        ]
      }
    },
    {
      "type": "Feature",
      "properties": {
        "wardId": "W28",
        "wardNo": 28,
        "wardName": "Ward 28 - Krishna Nagar",
        "zoneNo": 2,
        "source": "DataMeet Municipal Spatial Data"
      },
      "geometry": {
        "type": "Polygon",
        "coordinates": [
          [
            [
              80.368132,
              26.431021
            ],
            [
              80.368929,
              26.43049
            ],
            [
              80.369772,
              26.429756
            ],
            [
              80.3705,
              26.429043
            ],
            [
              80.371616,
              26.427962
            ],
            [
              80.372481,
              26.426882
            ],
            [
              80.373574,
              26.42574
            ],
            [
              80.374804,
              26.4247
            ],
            [
              80.37601,
              26.423741
            ],
            [
              80.376921,
              26.423069
            ],
            [
              80.377559,
              26.4226
            ],
            [
              80.37831,
              26.422049
            ],
            [
              80.37806,
              26.421764
            ],
            [
              80.378663,
              26.421254
            ],
            [
              80.379323,
              26.420744
            ],
            [
              80.379824,
              26.420377
            ],
            [
              80.380507,
              26.419826
            ],
            [
              80.380849,
              26.419969
            ],
            [
              80.381167,
              26.42001
            ],
            [
              80.381714,
              26.42052
            ],
            [
              80.382602,
              26.420295
            ],
            [
              80.383831,
              26.419643
            ],
            [
              80.383217,
              26.41895
            ],
            [
              80.382625,
              26.418501
            ],
            [
              80.382033,
              26.418073
            ],
            [
              80.381418,
              26.417991
            ],
            [
              80.380803,
              26.417318
            ],
            [
              80.380166,
              26.416666
            ],
            [
              80.37946,
              26.417278
            ],
            [
              80.378868,
              26.417726
            ],
            [
              80.378185,
              26.418256
            ],
            [
              80.37757,
              26.418746
            ],
            [
              80.376978,
              26.419194
            ],
            [
              80.376204,
              26.419826
            ],
            [
              80.375498,
              26.420397
            ],
            [
              80.374952,
              26.419847
            ],
            [
              80.374542,
              26.419561
            ],
            [
              80.374109,
              26.419113
            ],
            [
              80.374656,
              26.41844
            ],
            [
              80.375156,
              26.41793
            ],
            [
              80.375156,
              26.417787
            ],
            [
              80.375657,
              26.417482
            ],
            [
              80.376318,
              26.417237
            ],
            [
              80.376978,
              26.417033
            ],
            [
              80.377524,
              26.417033
            ],
            [
              80.377206,
              26.416605
            ],
            [
              80.377524,
              26.416299
            ],
            [
              80.37782,
              26.416034
            ],
            [
              80.377388,
              26.415606
            ],
            [
              80.376932,
              26.415198
            ],
            [
              80.37634,
              26.414912
            ],
            [
              80.375771,
              26.414667
            ],
            [
              80.375452,
              26.414504
            ],
            [
              80.37527,
              26.414219
            ],
            [
              80.374952,
              26.413831
            ],
            [
              80.374542,
              26.413566
            ],
            [
              80.373836,
              26.41428
            ],
            [
              80.373221,
              26.414871
            ],
            [
              80.372652,
              26.415381
            ],
            [
              80.371923,
              26.416054
            ],
            [
              80.371195,
              26.416768
            ],
            [
              80.370466,
              26.417522
            ],
            [
              80.369441,
              26.418562
            ],
            [
              80.368713,
              26.419317
            ],
            [
              80.367882,
              26.420092
            ],
            [
              80.367313,
              26.420663
            ],
            [
              80.366766,
              26.421193
            ],
            [
              80.365924,
              26.422049
            ],
            [
              80.365241,
              26.422661
            ],
            [
              80.364717,
              26.423211
            ],
            [
              80.364057,
              26.423925
            ],
            [
              80.363442,
              26.424557
            ],
            [
              80.363966,
              26.425046
            ],
            [
              80.364489,
              26.425638
            ],
            [
              80.364967,
              26.426188
            ],
            [
              80.365605,
              26.426882
            ],
            [
              80.366242,
              26.427534
            ],
            [
              80.366584,
              26.427962
            ],
            [
              80.366516,
              26.428717
            ],
            [
              80.366538,
              26.42943
            ],
            [
              80.366994,
              26.42994
            ],
            [
              80.36754,
              26.430511
            ],
            [
              80.368064,
              26.431021
            ],
            [
              80.368132,
              26.431021
            ]
          ]
        ]
      }
    },
    {
      "type": "Feature",
      "properties": {
        "wardId": "W44",
        "wardNo": 44,
        "wardName": "Ward 44 - Om Purwa",
        "zoneNo": 2,
        "source": "DataMeet Municipal Spatial Data"
      },
      "geometry": {
        "type": "Polygon",
        "coordinates": [
          [
            [
              80.375464,
              26.43363
            ],
            [
              80.376261,
              26.433651
            ],
            [
              80.377376,
              26.433671
            ],
            [
              80.378492,
              26.433753
            ],
            [
              80.379949,
              26.433814
            ],
            [
              80.381179,
              26.433977
            ],
            [
              80.382363,
              26.433977
            ],
            [
              80.383274,
              26.43412
            ],
            [
              80.384253,
              26.434242
            ],
            [
              80.384959,
              26.434344
            ],
            [
              80.386256,
              26.434629
            ],
            [
              80.387167,
              26.435343
            ],
            [
              80.387918,
              26.435914
            ],
            [
              80.388306,
              26.436281
            ],
            [
              80.388966,
              26.435934
            ],
            [
              80.389444,
              26.435465
            ],
            [
              80.389945,
              26.435078
            ],
            [
              80.390514,
              26.434589
            ],
            [
              80.391129,
              26.43412
            ],
            [
              80.392108,
              26.433386
            ],
            [
              80.392085,
              26.433182
            ],
            [
              80.39147,
              26.432529
            ],
            [
              80.390878,
              26.431693
            ],
            [
              80.39015,
              26.430878
            ],
            [
              80.389603,
              26.430164
            ],
            [
              80.389285,
              26.429451
            ],
            [
              80.388852,
              26.428553
            ],
            [
              80.389535,
              26.428064
            ],
            [
              80.390355,
              26.427412
            ],
            [
              80.390924,
              26.426943
            ],
            [
              80.391584,
              26.426392
            ],
            [
              80.392085,
              26.425944
            ],
            [
              80.391516,
              26.425475
            ],
            [
              80.39081,
              26.424904
            ],
            [
              80.390218,
              26.424516
            ],
            [
              80.38949,
              26.423986
            ],
            [
              80.388943,
              26.42366
            ],
            [
              80.388488,
              26.423273
            ],
            [
              80.388146,
              26.423252
            ],
            [
              80.387463,
              26.422804
            ],
            [
              80.386871,
              26.422355
            ],
            [
              80.386188,
              26.421743
            ],
            [
              80.385642,
              26.421315
            ],
            [
              80.384936,
              26.420805
            ],
            [
              80.384435,
              26.420377
            ],
            [
              80.384025,
              26.419908
            ],
            [
              80.383843,
              26.419623
            ],
            [
              80.383274,
              26.419867
            ],
            [
              80.382704,
              26.420173
            ],
            [
              80.381725,
              26.42052
            ],
            [
              80.382112,
              26.421091
            ],
            [
              80.382591,
              26.421682
            ],
            [
              80.383251,
              26.422273
            ],
            [
              80.38382,
              26.422722
            ],
            [
              80.384412,
              26.423273
            ],
            [
              80.384981,
              26.423905
            ],
            [
              80.384549,
              26.424292
            ],
            [
              80.384093,
              26.424618
            ],
            [
              80.38382,
              26.424843
            ],
            [
              80.384093,
              26.425271
            ],
            [
              80.38448,
              26.42574
            ],
            [
              80.384776,
              26.42627
            ],
            [
              80.384367,
              26.426678
            ],
            [
              80.383843,
              26.427167
            ],
            [
              80.383228,
              26.427656
            ],
            [
              80.382545,
              26.428248
            ],
            [
              80.382112,
              26.427881
            ],
            [
              80.381907,
              26.427575
            ],
            [
              80.382386,
              26.427147
            ],
            [
              80.382386,
              26.426861
            ],
            [
              80.382226,
              26.426637
            ],
            [
              80.38209,
              26.426331
            ],
            [
              80.381543,
              26.426596
            ],
            [
              80.380906,
              26.426983
            ],
            [
              80.380336,
              26.427371
            ],
            [
              80.379813,
              26.427697
            ],
            [
              80.379312,
              26.428085
            ],
            [
              80.378834,
              26.42835
            ],
            [
              80.378151,
              26.428859
            ],
            [
              80.377513,
              26.429308
            ],
            [
              80.378082,
              26.429736
            ],
            [
              80.37856,
              26.42996
            ],
            [
              80.379039,
              26.430225
            ],
            [
              80.37938,
              26.430531
            ],
            [
              80.378515,
              26.430878
            ],
            [
              80.377877,
              26.431245
            ],
            [
              80.376921,
              26.431693
            ],
            [
              80.376124,
              26.431999
            ],
            [
              80.375532,
              26.432285
            ],
            [
              80.375031,
              26.432672
            ],
            [
              80.375191,
              26.433161
            ],
            [
              80.37535,
              26.43363
            ],
            [
              80.375464,
              26.43363
            ]
          ]
        ]
      }
    },
    {
      "type": "Feature",
      "properties": {
        "wardId": "W66",
        "wardNo": 66,
        "wardName": "Ward 66 - Jajmau South",
        "zoneNo": 2,
        "source": "DataMeet Municipal Spatial Data"
      },
      "geometry": {
        "type": "Polygon",
        "coordinates": [
          [
            [
              80.388374,
              26.436271
            ],
            [
              80.388852,
              26.436801
            ],
            [
              80.389307,
              26.437147
            ],
            [
              80.389763,
              26.437433
            ],
            [
              80.390446,
              26.437779
            ],
            [
              80.391197,
              26.438085
            ],
            [
              80.391539,
              26.438207
            ],
            [
              80.392245,
              26.437555
            ],
            [
              80.392996,
              26.436984
            ],
            [
              80.393725,
              26.436271
            ],
            [
              80.394521,
              26.435577
            ],
            [
              80.395523,
              26.43466
            ],
            [
              80.396981,
              26.433355
            ],
            [
              80.398347,
              26.432193
            ],
            [
              80.399531,
              26.431133
            ],
            [
              80.400715,
              26.430113
            ],
            [
              80.401648,
              26.429298
            ],
            [
              80.402422,
              26.428584
            ],
            [
              80.401625,
              26.427544
            ],
            [
              80.400988,
              26.42679
            ],
            [
              80.400236,
              26.425893
            ],
            [
              80.399508,
              26.425057
            ],
            [
              80.398984,
              26.424486
            ],
            [
              80.398552,
              26.423915
            ],
            [
              80.398073,
              26.423772
            ],
            [
              80.397459,
              26.423283
            ],
            [
              80.396776,
              26.42263
            ],
            [
              80.396093,
              26.422161
            ],
            [
              80.395751,
              26.421794
            ],
            [
              80.395045,
              26.421244
            ],
            [
              80.394863,
              26.421386
            ],
            [
              80.394863,
              26.421855
            ],
            [
              80.39443,
              26.422243
            ],
            [
              80.394157,
              26.422508
            ],
            [
              80.394795,
              26.42312
            ],
            [
              80.395136,
              26.423405
            ],
            [
              80.394635,
              26.423813
            ],
            [
              80.393952,
              26.424425
            ],
            [
              80.393337,
              26.424934
            ],
            [
              80.392837,
              26.425342
            ],
            [
              80.392313,
              26.42577
            ],
            [
              80.391675,
              26.4263
            ],
            [
              80.390947,
              26.426831
            ],
            [
              80.390218,
              26.427442
            ],
            [
              80.389581,
              26.427932
            ],
            [
              80.388966,
              26.428462
            ],
            [
              80.389102,
              26.429196
            ],
            [
              80.389603,
              26.430154
            ],
            [
              80.389899,
              26.430603
            ],
            [
              80.390423,
              26.431153
            ],
            [
              80.391106,
              26.432091
            ],
            [
              80.391766,
              26.432825
            ],
            [
              80.392131,
              26.433274
            ],
            [
              80.391448,
              26.433824
            ],
            [
              80.391118,
              26.434048
            ],
            [
              80.39023,
              26.434701
            ],
            [
              80.389342,
              26.435557
            ],
            [
              80.388385,
              26.43625
            ],
            [
              80.388374,
              26.436271
            ]
          ]
        ]
      }
    },
    {
      "type": "Feature",
      "properties": {
        "wardId": "W86",
        "wardNo": 86,
        "wardName": "Ward 86 - Jajmau North",
        "zoneNo": 2,
        "source": "DataMeet Municipal Spatial Data"
      },
      "geometry": {
        "type": "Polygon",
        "coordinates": [
          [
            [
              80.391596,
              26.438258
            ],
            [
              80.392005,
              26.438646
            ],
            [
              80.392666,
              26.439115
            ],
            [
              80.393599,
              26.439889
            ],
            [
              80.393895,
              26.440154
            ],
            [
              80.394077,
              26.440195
            ],
            [
              80.394214,
              26.440623
            ],
            [
              80.395102,
              26.441398
            ],
            [
              80.396127,
              26.442071
            ],
            [
              80.397106,
              26.441398
            ],
            [
              80.398221,
              26.440379
            ],
            [
              80.399496,
              26.43938
            ],
            [
              80.400817,
              26.438299
            ],
            [
              80.402183,
              26.437259
            ],
            [
              80.403686,
              26.436199
            ],
            [
              80.405257,
              26.435241
            ],
            [
              80.406783,
              26.434385
            ],
            [
              80.40808,
              26.433467
            ],
            [
              80.408991,
              26.43257
            ],
            [
              80.409674,
              26.431795
            ],
            [
              80.410152,
              26.431163
            ],
            [
              80.410744,
              26.430205
            ],
            [
              80.411268,
              26.42943
            ],
            [
              80.410995,
              26.429063
            ],
            [
              80.410426,
              26.429226
            ],
            [
              80.409765,
              26.4289
            ],
            [
              80.408991,
              26.429022
            ],
            [
              80.408376,
              26.429247
            ],
            [
              80.40808,
              26.429063
            ],
            [
              80.407557,
              26.428594
            ],
            [
              80.406828,
              26.428207
            ],
            [
              80.406828,
              26.427921
            ],
            [
              80.406054,
              26.426922
            ],
            [
              80.406008,
              26.425882
            ],
            [
              80.405166,
              26.426535
            ],
            [
              80.404278,
              26.427065
            ],
            [
              80.403253,
              26.428003
            ],
            [
              80.402479,
              26.428594
            ],
            [
              80.401375,
              26.429481
            ],
            [
              80.400396,
              26.430256
            ],
            [
              80.39928,
              26.431357
            ],
            [
              80.398096,
              26.432336
            ],
            [
              80.397072,
              26.433274
            ],
            [
              80.39632,
              26.433824
            ],
            [
              80.395227,
              26.434925
            ],
            [
              80.394203,
              26.435761
            ],
            [
              80.392666,
              26.437147
            ],
            [
              80.391505,
              26.438146
            ],
            [
              80.391596,
              26.438258
            ]
          ]
        ]
      }
    },
    {
      "type": "Feature",
      "properties": {
        "wardId": "W70",
        "wardNo": 70,
        "wardName": "Ward 70 - Tiwaripur",
        "zoneNo": 2,
        "source": "DataMeet Municipal Spatial Data"
      },
      "geometry": {
        "type": "Polygon",
        "coordinates": [
          [
            [
              80.402525,
              26.428615
            ],
            [
              80.403777,
              26.427432
            ],
            [
              80.404893,
              26.426739
            ],
            [
              80.405963,
              26.425801
            ],
            [
              80.406054,
              26.42682
            ],
            [
              80.406828,
              26.42786
            ],
            [
              80.406805,
              26.428207
            ],
            [
              80.407511,
              26.428594
            ],
            [
              80.408263,
              26.429226
            ],
            [
              80.409059,
              26.428982
            ],
            [
              80.409765,
              26.42888
            ],
            [
              80.410471,
              26.429267
            ],
            [
              80.410995,
              26.429043
            ],
            [
              80.411382,
              26.429287
            ],
            [
              80.412224,
              26.428268
            ],
            [
              80.412816,
              26.427412
            ],
            [
              80.413704,
              26.426657
            ],
            [
              80.413272,
              26.426331
            ],
            [
              80.412657,
              26.425984
            ],
            [
              80.411951,
              26.424904
            ],
            [
              80.413181,
              26.42417
            ],
            [
              80.41416,
              26.423293
            ],
            [
              80.415002,
              26.422375
            ],
            [
              80.415685,
              26.421519
            ],
            [
              80.416049,
              26.420581
            ],
            [
              80.415389,
              26.420499
            ],
            [
              80.415389,
              26.419969
            ],
            [
              80.415184,
              26.419643
            ],
            [
              80.415207,
              26.419133
            ],
            [
              80.414797,
              26.418562
            ],
            [
              80.414433,
              26.418032
            ],
            [
              80.414126,
              26.417543
            ],
            [
              80.414262,
              26.417135
            ],
            [
              80.414239,
              26.416931
            ],
            [
              80.41474,
              26.416136
            ],
            [
              80.414581,
              26.415789
            ],
            [
              80.414854,
              26.41481
            ],
            [
              80.4149,
              26.413811
            ],
            [
              80.415378,
              26.413464
            ],
            [
              80.415105,
              26.412955
            ],
            [
              80.415355,
              26.412669
            ],
            [
              80.414831,
              26.412302
            ],
            [
              80.41531,
              26.411813
            ],
            [
              80.41531,
              26.411568
            ],
            [
              80.415127,
              26.411323
            ],
            [
              80.41531,
              26.410589
            ],
            [
              80.41474,
              26.410202
            ],
            [
              80.41367,
              26.409998
            ],
            [
              80.412554,
              26.409773
            ],
            [
              80.412213,
              26.409121
            ],
            [
              80.411894,
              26.408448
            ],
            [
              80.411097,
              26.40906
            ],
            [
              80.409116,
              26.410487
            ],
            [
              80.408137,
              26.411038
            ],
            [
              80.407227,
              26.411568
            ],
            [
              80.406384,
              26.412424
            ],
            [
              80.405883,
              26.412955
            ],
            [
              80.405997,
              26.413566
            ],
            [
              80.405303,
              26.414147
            ],
            [
              80.404619,
              26.414453
            ],
            [
              80.403845,
              26.414718
            ],
            [
              80.401546,
              26.416941
            ],
            [
              80.401546,
              26.417247
            ],
            [
              80.400885,
              26.417329
            ],
            [
              80.400453,
              26.417267
            ],
            [
              80.400066,
              26.417002
            ],
            [
              80.399975,
              26.416003
            ],
            [
              80.399952,
              26.414657
            ],
            [
              80.39862,
              26.415269
            ],
            [
              80.397823,
              26.415656
            ],
            [
              80.397094,
              26.41531
            ],
            [
              80.396001,
              26.414678
            ],
            [
              80.395136,
              26.414086
            ],
            [
              80.394203,
              26.413148
            ],
            [
              80.393656,
              26.413108
            ],
            [
              80.393235,
              26.414025
            ],
            [
              80.392802,
              26.415024
            ],
            [
              80.392165,
              26.416166
            ],
            [
              80.392916,
              26.416656
            ],
            [
              80.393531,
              26.418287
            ],
            [
              80.39426,
              26.419898
            ],
            [
              80.394726,
              26.420856
            ],
            [
              80.395296,
              26.421386
            ],
            [
              80.396138,
              26.422182
            ],
            [
              80.397049,
              26.422956
            ],
            [
              80.398142,
              26.423854
            ],
            [
              80.398483,
              26.423915
            ],
            [
              80.399326,
              26.424914
            ],
            [
              80.399963,
              26.425587
            ],
            [
              80.401318,
              26.427085
            ],
            [
              80.401887,
              26.427962
            ],
            [
              80.402411,
              26.428615
            ],
            [
              80.402525,
              26.428615
            ]
          ]
        ]
      }
    },
    {
      "type": "Feature",
      "properties": {
        "wardId": "W37",
        "wardNo": 37,
        "wardName": "Ward 37 - Harjinder Nagar",
        "zoneNo": 2,
        "source": "DataMeet Municipal Spatial Data"
      },
      "geometry": {
        "type": "Polygon",
        "coordinates": [
          [
            [
              80.392256,
              26.425831
            ],
            [
              80.393189,
              26.425036
            ],
            [
              80.394032,
              26.424384
            ],
            [
              80.394738,
              26.423752
            ],
            [
              80.395148,
              26.423446
            ],
            [
              80.394692,
              26.422916
            ],
            [
              80.394351,
              26.42263
            ],
            [
              80.394191,
              26.422487
            ],
            [
              80.394647,
              26.422039
            ],
            [
              80.394783,
              26.421917
            ],
            [
              80.394829,
              26.421488
            ],
            [
              80.395125,
              26.421203
            ],
            [
              80.394852,
              26.420958
            ],
            [
              80.394556,
              26.420387
            ],
            [
              80.39426,
              26.419674
            ],
            [
              80.393873,
              26.41896
            ],
            [
              80.393463,
              26.417798
            ],
            [
              80.393007,
              26.416635
            ],
            [
              80.392233,
              26.416064
            ],
            [
              80.391914,
              26.416696
            ],
            [
              80.391573,
              26.417288
            ],
            [
              80.391163,
              26.41794
            ],
            [
              80.390548,
              26.417716
            ],
            [
              80.390002,
              26.417267
            ],
            [
              80.389546,
              26.416839
            ],
            [
              80.388841,
              26.416533
            ],
            [
              80.388135,
              26.416268
            ],
            [
              80.387178,
              26.416044
            ],
            [
              80.386382,
              26.416003
            ],
            [
              80.38563,
              26.415636
            ],
            [
              80.384993,
              26.415187
            ],
            [
              80.384492,
              26.414902
            ],
            [
              80.384173,
              26.415208
            ],
            [
              80.384719,
              26.415718
            ],
            [
              80.384264,
              26.416085
            ],
            [
              80.384742,
              26.416533
            ],
            [
              80.38522,
              26.417165
            ],
            [
              80.385949,
              26.417655
            ],
            [
              80.386268,
              26.4179
            ],
            [
              80.385698,
              26.418409
            ],
            [
              80.385015,
              26.418939
            ],
            [
              80.384378,
              26.41949
            ],
            [
              80.383945,
              26.419877
            ],
            [
              80.384515,
              26.42055
            ],
            [
              80.385311,
              26.421142
            ],
            [
              80.38604,
              26.421651
            ],
            [
              80.386769,
              26.422263
            ],
            [
              80.387429,
              26.422814
            ],
            [
              80.387884,
              26.42314
            ],
            [
              80.388203,
              26.423344
            ],
            [
              80.388476,
              26.423283
            ],
            [
              80.389114,
              26.423752
            ],
            [
              80.389797,
              26.424261
            ],
            [
              80.390548,
              26.424751
            ],
            [
              80.391277,
              26.425383
            ],
            [
              80.391732,
              26.42573
            ],
            [
              80.392074,
              26.426015
            ],
            [
              80.392324,
              26.425852
            ],
            [
              80.392256,
              26.425831
            ]
          ]
        ]
      }
    },
    {
      "type": "Feature",
      "properties": {
        "wardId": "W29",
        "wardNo": 29,
        "wardName": "Ward 29 - Safipur",
        "zoneNo": 2,
        "source": "DataMeet Municipal Spatial Data"
      },
      "geometry": {
        "type": "Polygon",
        "coordinates": [
          [
            [
              80.383365,
              26.414127
            ],
            [
              80.383957,
              26.414596
            ],
            [
              80.384594,
              26.414963
            ],
            [
              80.385459,
              26.415473
            ],
            [
              80.386256,
              26.415942
            ],
            [
              80.387144,
              26.416024
            ],
            [
              80.387873,
              26.416207
            ],
            [
              80.389194,
              26.416574
            ],
            [
              80.389763,
              26.417002
            ],
            [
              80.390195,
              26.417471
            ],
            [
              80.390878,
              26.417859
            ],
            [
              80.391197,
              26.417961
            ],
            [
              80.391493,
              26.417329
            ],
            [
              80.39188,
              26.416656
            ],
            [
              80.392245,
              26.416044
            ],
            [
              80.392768,
              26.415147
            ],
            [
              80.393133,
              26.414372
            ],
            [
              80.393497,
              26.413597
            ],
            [
              80.393679,
              26.413169
            ],
            [
              80.394157,
              26.413087
            ],
            [
              80.394817,
              26.413821
            ],
            [
              80.395683,
              26.414413
            ],
            [
              80.396297,
              26.414882
            ],
            [
              80.397299,
              26.415412
            ],
            [
              80.397777,
              26.415697
            ],
            [
              80.398597,
              26.415269
            ],
            [
              80.399963,
              26.414617
            ],
            [
              80.400624,
              26.41478
            ],
            [
              80.400988,
              26.41482
            ],
            [
              80.401716,
              26.413842
            ],
            [
              80.40265,
              26.413393
            ],
            [
              80.402741,
              26.412679
            ],
            [
              80.40224,
              26.411741
            ],
            [
              80.401876,
              26.410905
            ],
            [
              80.401603,
              26.410355
            ],
            [
              80.401375,
              26.409824
            ],
            [
              80.401284,
              26.409233
            ],
            [
              80.401284,
              26.408519
            ],
            [
              80.400806,
              26.40805
            ],
            [
              80.400601,
              26.407907
            ],
            [
              80.400624,
              26.407275
            ],
            [
              80.400874,
              26.406521
            ],
            [
              80.400965,
              26.405848
            ],
            [
              80.40076,
              26.405134
            ],
            [
              80.401079,
              26.404216
            ],
            [
              80.401261,
              26.403502
            ],
            [
              80.401489,
              26.402483
            ],
            [
              80.402195,
              26.401606
            ],
            [
              80.402696,
              26.401137
            ],
            [
              80.404107,
              26.401137
            ],
            [
              80.403914,
              26.399628
            ],
            [
              80.403914,
              26.398893
            ],
            [
              80.404278,
              26.397996
            ],
            [
              80.404528,
              26.39718
            ],
            [
              80.404278,
              26.396528
            ],
            [
              80.403914,
              26.39561
            ],
            [
              80.403162,
              26.396466
            ],
            [
              80.402456,
              26.397262
            ],
            [
              80.401933,
              26.398057
            ],
            [
              80.401022,
              26.398751
            ],
            [
              80.399884,
              26.39975
            ],
            [
              80.399018,
              26.400566
            ],
            [
              80.398039,
              26.401443
            ],
            [
              80.39706,
              26.402279
            ],
            [
              80.395876,
              26.403421
            ],
            [
              80.39492,
              26.404216
            ],
            [
              80.393747,
              26.405236
            ],
            [
              80.392108,
              26.406704
            ],
            [
              80.390127,
              26.408478
            ],
            [
              80.388055,
              26.410416
            ],
            [
              80.386848,
              26.411456
            ],
            [
              80.385323,
              26.412577
            ],
            [
              80.38538,
              26.412547
            ],
            [
              80.384241,
              26.413342
            ],
            [
              80.383513,
              26.414178
            ],
            [
              80.383365,
              26.414127
            ]
          ]
        ]
      }
    },
    {
      "type": "Feature",
      "properties": {
        "wardId": "W71",
        "wardNo": 71,
        "wardName": "Ward 71 - Gandhigram",
        "zoneNo": 2,
        "source": "DataMeet Municipal Spatial Data"
      },
      "geometry": {
        "type": "Polygon",
        "coordinates": [
          [
            [
              80.374086,
              26.419143
            ],
            [
              80.37461,
              26.41949
            ],
            [
              80.375111,
              26.420061
            ],
            [
              80.375475,
              26.420387
            ],
            [
              80.376158,
              26.419898
            ],
            [
              80.376955,
              26.419266
            ],
            [
              80.378003,
              26.418491
            ],
            [
              80.378754,
              26.417838
            ],
            [
              80.379369,
              26.41739
            ],
            [
              80.380097,
              26.416656
            ],
            [
              80.380871,
              26.417369
            ],
            [
              80.38135,
              26.417961
            ],
            [
              80.382124,
              26.417981
            ],
            [
              80.382716,
              26.418532
            ],
            [
              80.383308,
              26.418939
            ],
            [
              80.383763,
              26.419633
            ],
            [
              80.383968,
              26.419877
            ],
            [
              80.384515,
              26.419449
            ],
            [
              80.385129,
              26.418899
            ],
            [
              80.385744,
              26.41845
            ],
            [
              80.386268,
              26.417981
            ],
            [
              80.385562,
              26.417471
            ],
            [
              80.38497,
              26.416798
            ],
            [
              80.384287,
              26.416044
            ],
            [
              80.384719,
              26.415697
            ],
            [
              80.384196,
              26.415249
            ],
            [
              80.384515,
              26.414943
            ],
            [
              80.383877,
              26.414576
            ],
            [
              80.383444,
              26.414147
            ],
            [
              80.384423,
              26.413373
            ],
            [
              80.385516,
              26.412496
            ],
            [
              80.386541,
              26.411762
            ],
            [
              80.387884,
              26.41062
            ],
            [
              80.389182,
              26.409457
            ],
            [
              80.390708,
              26.408071
            ],
            [
              80.391596,
              26.407234
            ],
            [
              80.393178,
              26.405858
            ],
            [
              80.394408,
              26.404695
            ],
            [
              80.39566,
              26.403615
            ],
            [
              80.396639,
              26.402717
            ],
            [
              80.39714,
              26.402228
            ],
            [
              80.396571,
              26.401657
            ],
            [
              80.396206,
              26.400984
            ],
            [
              80.395774,
              26.400148
            ],
            [
              80.395865,
              26.398679
            ],
            [
              80.395865,
              26.397782
            ],
            [
              80.396127,
              26.396793
            ],
            [
              80.396332,
              26.39616
            ],
            [
              80.397083,
              26.394937
            ],
            [
              80.39772,
              26.394019
            ],
            [
              80.398472,
              26.392714
            ],
            [
              80.399087,
              26.391796
            ],
            [
              80.399701,
              26.390694
            ],
            [
              80.400316,
              26.389695
            ],
            [
              80.400772,
              26.388961
            ],
            [
              80.40125,
              26.388063
            ],
            [
              80.401568,
              26.387533
            ],
            [
              80.401751,
              26.387145
            ],
            [
              80.401181,
              26.387329
            ],
            [
              80.400521,
              26.387941
            ],
            [
              80.399405,
              26.389022
            ],
            [
              80.398244,
              26.390164
            ],
            [
              80.396992,
              26.391449
            ],
            [
              80.395945,
              26.39255
            ],
            [
              80.394829,
              26.393693
            ],
            [
              80.393531,
              26.394998
            ],
            [
              80.392461,
              26.395936
            ],
            [
              80.391231,
              26.397221
            ],
            [
              80.390036,
              26.398445
            ],
            [
              80.389057,
              26.399362
            ],
            [
              80.388055,
              26.400301
            ],
            [
              80.387349,
              26.401055
            ],
            [
              80.385915,
              26.402462
            ],
            [
              80.384913,
              26.403421
            ],
            [
              80.384093,
              26.404277
            ],
            [
              80.383319,
              26.404991
            ],
            [
              80.382101,
              26.406052
            ],
            [
              80.380803,
              26.407357
            ],
            [
              80.379983,
              26.408213
            ],
            [
              80.379255,
              26.409049
            ],
            [
              80.378435,
              26.409702
            ],
            [
              80.377684,
              26.410436
            ],
            [
              80.37691,
              26.41115
            ],
            [
              80.376067,
              26.412006
            ],
            [
              80.375441,
              26.412659
            ],
            [
              80.374872,
              26.413169
            ],
            [
              80.374553,
              26.413536
            ],
            [
              80.375077,
              26.413944
            ],
            [
              80.375464,
              26.414494
            ],
            [
              80.376238,
              26.414841
            ],
            [
              80.376784,
              26.415147
            ],
            [
              80.377263,
              26.415473
            ],
            [
              80.377786,
              26.415922
            ],
            [
              80.377194,
              26.416513
            ],
            [
              80.377604,
              26.416982
            ],
            [
              80.377012,
              26.417104
            ],
            [
              80.376124,
              26.417308
            ],
            [
              80.375532,
              26.417553
            ],
            [
              80.375168,
              26.417757
            ],
            [
              80.375236,
              26.417981
            ],
            [
              80.374804,
              26.418287
            ],
            [
              80.374394,
              26.418817
            ],
            [
              80.37412,
              26.419082
            ],
            [
              80.374086,
              26.419143
            ]
          ]
        ]
      }
    },
    {
      "type": "Feature",
      "properties": {
        "wardId": "W75",
        "wardNo": 75,
        "wardName": "Ward 75 - Munshi Purwa",
        "zoneNo": 3,
        "source": "DataMeet Municipal Spatial Data"
      },
      "geometry": {
        "type": "Polygon",
        "coordinates": [
          [
            [
              80.340126,
              26.444053
            ],
            [
              80.340695,
              26.443543
            ],
            [
              80.340877,
              26.443217
            ],
            [
              80.341469,
              26.442809
            ],
            [
              80.341105,
              26.442483
            ],
            [
              80.341128,
              26.442279
            ],
            [
              80.340627,
              26.441464
            ],
            [
              80.340012,
              26.440648
            ],
            [
              80.339967,
              26.440322
            ],
            [
              80.339466,
              26.439629
            ],
            [
              80.339147,
              26.439078
            ],
            [
              80.338783,
              26.438303
            ],
            [
              80.338669,
              26.43706
            ],
            [
              80.338122,
              26.437284
            ],
            [
              80.338031,
              26.436469
            ],
            [
              80.337508,
              26.436713
            ],
            [
              80.336916,
              26.436978
            ],
            [
              80.336301,
              26.437304
            ],
            [
              80.33621,
              26.437855
            ],
            [
              80.336437,
              26.438609
            ],
            [
              80.336733,
              26.439384
            ],
            [
              80.337212,
              26.440322
            ],
            [
              80.337667,
              26.441137
            ],
            [
              80.338236,
              26.442014
            ],
            [
              80.338828,
              26.442687
            ],
            [
              80.339329,
              26.443258
            ],
            [
              80.339807,
              26.443788
            ],
            [
              80.340058,
              26.444053
            ],
            [
              80.340126,
              26.444053
            ]
          ]
        ]
      }
    },
    {
      "type": "Feature",
      "properties": {
        "wardId": "W31",
        "wardNo": 31,
        "wardName": "Ward 31 - Bakar Ganj",
        "zoneNo": 3,
        "source": "DataMeet Municipal Spatial Data"
      },
      "geometry": {
        "type": "Polygon",
        "coordinates": [
          [
            [
              80.340422,
              26.440954
            ],
            [
              80.340991,
              26.440689
            ],
            [
              80.341014,
              26.440526
            ],
            [
              80.341128,
              26.440465
            ],
            [
              80.340786,
              26.440057
            ],
            [
              80.340969,
              26.439731
            ],
            [
              80.341925,
              26.438997
            ],
            [
              80.341561,
              26.438405
            ],
            [
              80.341151,
              26.437753
            ],
            [
              80.341401,
              26.437304
            ],
            [
              80.341151,
              26.436876
            ],
            [
              80.340832,
              26.435857
            ],
            [
              80.340445,
              26.434837
            ],
            [
              80.339989,
              26.433655
            ],
            [
              80.339101,
              26.433655
            ],
            [
              80.338327,
              26.433675
            ],
            [
              80.33835,
              26.434858
            ],
            [
              80.338373,
              26.435368
            ],
            [
              80.338578,
              26.436061
            ],
            [
              80.338714,
              26.43708
            ],
            [
              80.338783,
              26.437977
            ],
            [
              80.338805,
              26.438426
            ],
            [
              80.339079,
              26.438915
            ],
            [
              80.339306,
              26.439445
            ],
            [
              80.339648,
              26.439914
            ],
            [
              80.339989,
              26.440403
            ],
            [
              80.340217,
              26.44075
            ],
            [
              80.340354,
              26.440995
            ],
            [
              80.34065,
              26.440933
            ],
            [
              80.3409,
              26.44075
            ],
            [
              80.340422,
              26.440954
            ]
          ]
        ]
      }
    },
    {
      "type": "Feature",
      "properties": {
        "wardId": "W108",
        "wardNo": 108,
        "wardName": "Ward 108 - Begampurwa",
        "zoneNo": 3,
        "source": "DataMeet Municipal Spatial Data"
      },
      "geometry": {
        "type": "Polygon",
        "coordinates": [
          [
            [
              80.342005,
              26.439099
            ],
            [
              80.342597,
              26.439649
            ],
            [
              80.342779,
              26.439812
            ],
            [
              80.342893,
              26.439731
            ],
            [
              80.34312,
              26.439771
            ],
            [
              80.343006,
              26.439955
            ],
            [
              80.343393,
              26.440322
            ],
            [
              80.343826,
              26.440709
            ],
            [
              80.344327,
              26.441178
            ],
            [
              80.344395,
              26.441097
            ],
            [
              80.344782,
              26.441423
            ],
            [
              80.345215,
              26.442034
            ],
            [
              80.345374,
              26.442218
            ],
            [
              80.345488,
              26.442218
            ],
            [
              80.345852,
              26.442034
            ],
            [
              80.346126,
              26.441667
            ],
            [
              80.346627,
              26.44126
            ],
            [
              80.347128,
              26.440689
            ],
            [
              80.34756,
              26.440179
            ],
            [
              80.348038,
              26.439649
            ],
            [
              80.348448,
              26.439119
            ],
            [
              80.348904,
              26.438589
            ],
            [
              80.349359,
              26.43812
            ],
            [
              80.3497,
              26.437651
            ],
            [
              80.349359,
              26.436876
            ],
            [
              80.349063,
              26.436265
            ],
            [
              80.348653,
              26.435694
            ],
            [
              80.348312,
              26.435103
            ],
            [
              80.347993,
              26.434552
            ],
            [
              80.347606,
              26.434002
            ],
            [
              80.347082,
              26.434389
            ],
            [
              80.346558,
              26.434654
            ],
            [
              80.345989,
              26.434939
            ],
            [
              80.345124,
              26.43551
            ],
            [
              80.345056,
              26.435816
            ],
            [
              80.344623,
              26.43602
            ],
            [
              80.344145,
              26.436203
            ],
            [
              80.344168,
              26.436754
            ],
            [
              80.343462,
              26.436795
            ],
            [
              80.342733,
              26.436795
            ],
            [
              80.342118,
              26.436876
            ],
            [
              80.341709,
              26.437141
            ],
            [
              80.341367,
              26.437427
            ],
            [
              80.341162,
              26.437794
            ],
            [
              80.341481,
              26.438181
            ],
            [
              80.341731,
              26.438752
            ],
            [
              80.341982,
              26.439078
            ],
            [
              80.342005,
              26.439099
            ]
          ]
        ]
      }
    },
    {
      "type": "Feature",
      "properties": {
        "wardId": "W54",
        "wardNo": 54,
        "wardName": "Ward 54 - Babu Purwa Colony",
        "zoneNo": 3,
        "source": "DataMeet Municipal Spatial Data"
      },
      "geometry": {
        "type": "Polygon",
        "coordinates": [
          [
            [
              80.341447,
              26.437264
            ],
            [
              80.341993,
              26.436917
            ],
            [
              80.342653,
              26.436774
            ],
            [
              80.343428,
              26.436815
            ],
            [
              80.344247,
              26.436795
            ],
            [
              80.344225,
              26.436183
            ],
            [
              80.344589,
              26.43604
            ],
            [
              80.345044,
              26.435755
            ],
            [
              80.345112,
              26.435449
            ],
            [
              80.345796,
              26.435103
            ],
            [
              80.346388,
              26.434654
            ],
            [
              80.346888,
              26.434532
            ],
            [
              80.34764,
              26.434022
            ],
            [
              80.346911,
              26.433206
            ],
            [
              80.346228,
              26.43237
            ],
            [
              80.345249,
              26.432085
            ],
            [
              80.344293,
              26.43182
            ],
            [
              80.34345,
              26.430841
            ],
            [
              80.342221,
              26.429475
            ],
            [
              80.341469,
              26.4287
            ],
            [
              80.339443,
              26.42817
            ],
            [
              80.337143,
              26.427722
            ],
            [
              80.336141,
              26.427559
            ],
            [
              80.335777,
              26.427905
            ],
            [
              80.334775,
              26.42817
            ],
            [
              80.333728,
              26.428374
            ],
            [
              80.332567,
              26.4287
            ],
            [
              80.331588,
              26.428965
            ],
            [
              80.332339,
              26.429394
            ],
            [
              80.332772,
              26.430311
            ],
            [
              80.33366,
              26.430067
            ],
            [
              80.334866,
              26.429822
            ],
            [
              80.335413,
              26.429577
            ],
            [
              80.335572,
              26.429863
            ],
            [
              80.336779,
              26.429618
            ],
            [
              80.337804,
              26.429496
            ],
            [
              80.338623,
              26.429822
            ],
            [
              80.339352,
              26.430413
            ],
            [
              80.339716,
              26.430434
            ],
            [
              80.339716,
              26.431188
            ],
            [
              80.339238,
              26.431168
            ],
            [
              80.339033,
              26.431473
            ],
            [
              80.338601,
              26.43182
            ],
            [
              80.337667,
              26.4318
            ],
            [
              80.336802,
              26.431881
            ],
            [
              80.336141,
              26.431942
            ],
            [
              80.33621,
              26.432962
            ],
            [
              80.336278,
              26.434267
            ],
            [
              80.336255,
              26.435796
            ],
            [
              80.336255,
              26.437284
            ],
            [
              80.337075,
              26.436897
            ],
            [
              80.337986,
              26.436448
            ],
            [
              80.338077,
              26.437284
            ],
            [
              80.338783,
              26.43708
            ],
            [
              80.338487,
              26.436
            ],
            [
              80.338396,
              26.435266
            ],
            [
              80.338327,
              26.434267
            ],
            [
              80.338396,
              26.433777
            ],
            [
              80.339876,
              26.433594
            ],
            [
              80.340399,
              26.434613
            ],
            [
              80.340809,
              26.435857
            ],
            [
              80.341356,
              26.437243
            ],
            [
              80.341447,
              26.437264
            ]
          ]
        ]
      }
    },
    {
      "type": "Feature",
      "properties": {
        "wardId": "W20",
        "wardNo": 20,
        "wardName": "Ward 20 - Naramau",
        "zoneNo": 6,
        "source": "DataMeet Municipal Spatial Data"
      },
      "geometry": {
        "type": "Polygon",
        "coordinates": [
          [
            [
              80.22819,
              26.526332
            ],
            [
              80.229644,
              26.531386
            ],
            [
              80.231999,
              26.533408
            ],
            [
              80.238946,
              26.532786
            ],
            [
              80.243908,
              26.531895
            ],
            [
              80.250343,
              26.531919
            ],
            [
              80.255492,
              26.532243
            ],
            [
              80.261657,
              26.532359
            ],
            [
              80.266012,
              26.530058
            ],
            [
              80.267688,
              26.528647
            ],
            [
              80.269233,
              26.526267
            ],
            [
              80.270264,
              26.52433
            ],
            [
              80.27155,
              26.521666
            ],
            [
              80.272447,
              26.521871
            ],
            [
              80.27455,
              26.522766
            ],
            [
              80.276951,
              26.523787
            ],
            [
              80.279684,
              26.524593
            ],
            [
              80.280818,
              26.523658
            ],
            [
              80.281803,
              26.523876
            ],
            [
              80.282013,
              26.521806
            ],
            [
              80.281005,
              26.520184
            ],
            [
              80.280467,
              26.518152
            ],
            [
              80.28178,
              26.515604
            ],
            [
              80.284795,
              26.512803
            ],
            [
              80.284722,
              26.512686
            ],
            [
              80.285491,
              26.511767
            ],
            [
              80.287153,
              26.510088
            ],
            [
              80.290174,
              26.507989
            ],
            [
              80.292359,
              26.507617
            ],
            [
              80.295014,
              26.507501
            ],
            [
              80.297939,
              26.507091
            ],
            [
              80.301371,
              26.507266
            ],
            [
              80.30212,
              26.507148
            ],
            [
              80.30204,
              26.507362
            ],
            [
              80.303567,
              26.506645
            ],
            [
              80.30578,
              26.505996
            ],
            [
              80.308108,
              26.505893
            ],
            [
              80.308995,
              26.505658
            ],
            [
              80.310513,
              26.504664
            ],
            [
              80.312536,
              26.503776
            ],
            [
              80.314291,
              26.502956
            ],
            [
              80.315856,
              26.502546
            ],
            [
              80.31536,
              26.501521
            ],
            [
              80.3162,
              26.500838
            ],
            [
              80.315246,
              26.499472
            ],
            [
              80.315398,
              26.499096
            ],
            [
              80.315971,
              26.498174
            ],
            [
              80.316696,
              26.497218
            ],
            [
              80.318223,
              26.496466
            ],
            [
              80.31849,
              26.49247
            ],
            [
              80.318261,
              26.492333
            ],
            [
              80.317917,
              26.492128
            ],
            [
              80.317268,
              26.49165
            ],
            [
              80.316696,
              26.491206
            ],
            [
              80.3162,
              26.491103
            ],
            [
              80.316601,
              26.490762
            ],
            [
              80.314082,
              26.490557
            ],
            [
              80.312669,
              26.490283
            ],
            [
              80.311601,
              26.489464
            ],
            [
              80.310265,
              26.489156
            ],
            [
              80.305418,
              26.486253
            ],
            [
              80.303624,
              26.485535
            ],
            [
              80.301219,
              26.484305
            ],
            [
              80.298671,
              26.483488
            ],
            [
              80.300421,
              26.482746
            ],
            [
              80.301712,
              26.481721
            ],
            [
              80.304514,
              26.480413
            ],
            [
              80.306293,
              26.479846
            ],
            [
              80.307024,
              26.4793
            ],
            [
              80.308437,
              26.477926
            ],
            [
              80.31141,
              26.474873
            ],
            [
              80.311372,
              26.474847
            ],
            [
              80.313275,
              26.473042
            ],
            [
              80.31503,
              26.471265
            ],
            [
              80.316099,
              26.47007
            ],
            [
              80.317053,
              26.469045
            ],
            [
              80.31587,
              26.468361
            ],
            [
              80.31442,
              26.469523
            ],
            [
              80.312969,
              26.470924
            ],
            [
              80.308771,
              26.467439
            ],
            [
              80.311672,
              26.464876
            ],
            [
              80.305825,
              26.464572
            ],
            [
              80.307321,
              26.462655
            ],
            [
              80.302473,
              26.462348
            ],
            [
              80.298428,
              26.462245
            ],
            [
              80.294375,
              26.462179
            ],
            [
              80.294378,
              26.462156
            ],
            [
              80.293013,
              26.462069
            ],
            [
              80.289943,
              26.461851
            ],
            [
              80.288189,
              26.461851
            ],
            [
              80.285703,
              26.461545
            ],
            [
              80.284582,
              26.46172
            ],
            [
              80.285752,
              26.46473
            ],
            [
              80.287604,
              26.469136
            ],
            [
              80.287506,
              26.470969
            ],
            [
              80.288042,
              26.470881
            ],
            [
              80.289212,
              26.470707
            ],
            [
              80.289943,
              26.470969
            ],
            [
              80.289218,
              26.471358
            ],
            [
              80.286585,
              26.471426
            ],
            [
              80.285783,
              26.471084
            ],
            [
              80.284257,
              26.470777
            ],
            [
              80.282997,
              26.470845
            ],
            [
              80.281471,
              26.470948
            ],
            [
              80.280058,
              26.47105
            ],
            [
              80.278761,
              26.471733
            ],
            [
              80.277539,
              26.472519
            ],
            [
              80.276204,
              26.472519
            ],
            [
              80.274982,
              26.472587
            ],
            [
              80.273608,
              26.473407
            ],
            [
              80.272921,
              26.473817
            ],
            [
              80.272196,
              26.474603
            ],
            [
              80.271621,
              26.475178
            ],
            [
              80.271139,
              26.475756
            ],
            [
              80.270605,
              26.477435
            ],
            [
              80.270596,
              26.477452
            ],
            [
              80.270443,
              26.477723
            ],
            [
              80.269904,
              26.478395
            ],
            [
              80.268816,
              26.478703
            ],
            [
              80.267824,
              26.478993
            ],
            [
              80.265858,
              26.479113
            ],
            [
              80.264751,
              26.47901
            ],
            [
              80.263282,
              26.478754
            ],
            [
              80.261335,
              26.478566
            ],
            [
              80.259885,
              26.478464
            ],
            [
              80.258874,
              26.479711
            ],
            [
              80.2575,
              26.479933
            ],
            [
              80.25542,
              26.480138
            ],
            [
              80.250496,
              26.479813
            ],
            [
              80.249882,
              26.478678
            ],
            [
              80.249544,
              26.477078
            ],
            [
              80.247703,
              26.474752
            ],
            [
              80.244349,
              26.47843
            ],
            [
              80.241748,
              26.481725
            ],
            [
              80.23923,
              26.484664
            ],
            [
              80.239266,
              26.484734
            ],
            [
              80.238106,
              26.486227
            ],
            [
              80.23701,
              26.485721
            ],
            [
              80.235957,
              26.486254
            ],
            [
              80.236346,
              26.488109
            ],
            [
              80.223237,
              26.503915
            ],
            [
              80.223124,
              26.503919
            ],
            [
              80.212399,
              26.518517
            ],
            [
              80.213998,
              26.519276
            ],
            [
              80.213918,
              26.522042
            ],
            [
              80.215181,
              26.522848
            ],
            [
              80.217086,
              26.523408
            ],
            [
              80.21912,
              26.523517
            ],
            [
              80.222033,
              26.523408
            ],
            [
              80.223785,
              26.523685
            ],
            [
              80.226155,
              26.524884
            ],
            [
              80.228319,
              26.526359
            ],
            [
              80.22819,
              26.526332
            ]
          ]
        ]
      }
    },
    {
      "type": "Feature",
      "properties": {
        "wardId": "W33",
        "wardNo": 33,
        "wardName": "Ward 33 - Panki",
        "zoneNo": 5,
        "source": "DataMeet Municipal Spatial Data"
      },
      "geometry": {
        "type": "Polygon",
        "coordinates": [
          [
            [
              80.23625,
              26.487846
            ],
            [
              80.236152,
              26.485885
            ],
            [
              80.238086,
              26.486331
            ],
            [
              80.242705,
              26.480524
            ],
            [
              80.247781,
              26.474819
            ],
            [
              80.254269,
              26.469181
            ],
            [
              80.263782,
              26.46121
            ],
            [
              80.26404,
              26.46122
            ],
            [
              80.268009,
              26.458316
            ],
            [
              80.273047,
              26.458179
            ],
            [
              80.279535,
              26.457359
            ],
            [
              80.285795,
              26.456949
            ],
            [
              80.292741,
              26.456334
            ],
            [
              80.294497,
              26.455993
            ],
            [
              80.294344,
              26.456095
            ],
            [
              80.294382,
              26.462211
            ],
            [
              80.302435,
              26.462348
            ],
            [
              80.307359,
              26.462724
            ],
            [
              80.305794,
              26.464706
            ],
            [
              80.30858,
              26.46474
            ],
            [
              80.311605,
              26.464807
            ],
            [
              80.308771,
              26.467507
            ],
            [
              80.313084,
              26.471026
            ],
            [
              80.31442,
              26.469625
            ],
            [
              80.315799,
              26.468391
            ],
            [
              80.31587,
              26.468464
            ],
            [
              80.317015,
              26.468976
            ],
            [
              80.321213,
              26.465013
            ],
            [
              80.322898,
              26.463209
            ],
            [
              80.323656,
              26.463236
            ],
            [
              80.327282,
              26.463236
            ],
            [
              80.328961,
              26.463134
            ],
            [
              80.329114,
              26.46204
            ],
            [
              80.329419,
              26.46105
            ],
            [
              80.328389,
              26.459717
            ],
            [
              80.327994,
              26.459956
            ],
            [
              80.32835,
              26.459717
            ],
            [
              80.329381,
              26.458931
            ],
            [
              80.333923,
              26.45589
            ],
            [
              80.338388,
              26.452883
            ],
            [
              80.340258,
              26.45155
            ],
            [
              80.338617,
              26.450867
            ],
            [
              80.336633,
              26.450013
            ],
            [
              80.334953,
              26.448988
            ],
            [
              80.330068,
              26.447552
            ],
            [
              80.329992,
              26.447347
            ],
            [
              80.325984,
              26.446732
            ],
            [
              80.319534,
              26.445741
            ],
            [
              80.319682,
              26.447434
            ],
            [
              80.312301,
              26.447775
            ],
            [
              80.31232,
              26.445745
            ],
            [
              80.315373,
              26.445642
            ],
            [
              80.315297,
              26.445468
            ],
            [
              80.31503,
              26.444477
            ],
            [
              80.314229,
              26.442837
            ],
            [
              80.313084,
              26.441401
            ],
            [
              80.311939,
              26.440068
            ],
            [
              80.308847,
              26.442153
            ],
            [
              80.30835,
              26.434219
            ],
            [
              80.307593,
              26.434795
            ],
            [
              80.304209,
              26.439133
            ],
            [
              80.302664,
              26.438189
            ],
            [
              80.304191,
              26.43648
            ],
            [
              80.302626,
              26.435455
            ],
            [
              80.301061,
              26.434259
            ],
            [
              80.299611,
              26.432687
            ],
            [
              80.299382,
              26.431832
            ],
            [
              80.300451,
              26.431149
            ],
            [
              80.297703,
              26.427116
            ],
            [
              80.296061,
              26.427902
            ],
            [
              80.295374,
              26.426876
            ],
            [
              80.294306,
              26.425673
            ],
            [
              80.293621,
              26.425164
            ],
            [
              80.293237,
              26.425509
            ],
            [
              80.29171,
              26.427116
            ],
            [
              80.290604,
              26.427833
            ],
            [
              80.290527,
              26.427662
            ],
            [
              80.289993,
              26.427526
            ],
            [
              80.289459,
              26.427662
            ],
            [
              80.288619,
              26.427902
            ],
            [
              80.286711,
              26.42838
            ],
            [
              80.285108,
              26.428722
            ],
            [
              80.285108,
              26.42985
            ],
            [
              80.284535,
              26.430226
            ],
            [
              80.28423,
              26.430055
            ],
            [
              80.283734,
              26.429679
            ],
            [
              80.283161,
              26.429303
            ],
            [
              80.283008,
              26.429576
            ],
            [
              80.283008,
              26.429576
            ],
            [
              80.280947,
              26.430978
            ],
            [
              80.280222,
              26.431183
            ],
            [
              80.279764,
              26.431251
            ],
            [
              80.279192,
              26.431285
            ],
            [
              80.279039,
              26.430738
            ],
            [
              80.279154,
              26.429576
            ],
            [
              80.279459,
              26.428825
            ],
            [
              80.279344,
              26.42838
            ],
            [
              80.278963,
              26.428175
            ],
            [
              80.278657,
              26.428619
            ],
            [
              80.278276,
              26.4292
            ],
            [
              80.278199,
              26.429508
            ],
            [
              80.278161,
              26.430123
            ],
            [
              80.278161,
              26.430465
            ],
            [
              80.27797,
              26.431114
            ],
            [
              80.277512,
              26.431319
            ],
            [
              80.277054,
              26.431319
            ],
            [
              80.275948,
              26.430875
            ],
            [
              80.275642,
              26.430978
            ],
            [
              80.274535,
              26.431935
            ],
            [
              80.273772,
              26.432823
            ],
            [
              80.272932,
              26.433678
            ],
            [
              80.272322,
              26.434054
            ],
            [
              80.27152,
              26.433849
            ],
            [
              80.270986,
              26.433507
            ],
            [
              80.270604,
              26.433507
            ],
            [
              80.270261,
              26.433849
            ],
            [
              80.269917,
              26.434122
            ],
            [
              80.269269,
              26.43419
            ],
            [
              80.268963,
              26.43443
            ],
            [
              80.267895,
              26.434566
            ],
            [
              80.266444,
              26.435011
            ],
            [
              80.265108,
              26.435352
            ],
            [
              80.263926,
              26.436104
            ],
            [
              80.263887,
              26.436036
            ],
            [
              80.263505,
              26.436036
            ],
            [
              80.263124,
              26.436138
            ],
            [
              80.262589,
              26.436138
            ],
            [
              80.262055,
              26.436138
            ],
            [
              80.261292,
              26.436343
            ],
            [
              80.260452,
              26.436378
            ],
            [
              80.259841,
              26.436378
            ],
            [
              80.259612,
              26.435557
            ],
            [
              80.259345,
              26.434942
            ],
            [
              80.258658,
              26.435181
            ],
            [
              80.258009,
              26.435592
            ],
            [
              80.257246,
              26.436002
            ],
            [
              80.256445,
              26.435967
            ],
            [
              80.256063,
              26.435318
            ],
            [
              80.255567,
              26.434737
            ],
            [
              80.2553,
              26.434703
            ],
            [
              80.254918,
              26.434908
            ],
            [
              80.254498,
              26.435352
            ],
            [
              80.254651,
              26.435728
            ],
            [
              80.254842,
              26.436514
            ],
            [
              80.254231,
              26.437266
            ],
            [
              80.25362,
              26.4373
            ],
            [
              80.252971,
              26.437369
            ],
            [
              80.252132,
              26.43771
            ],
            [
              80.251292,
              26.437984
            ],
            [
              80.250185,
              26.438428
            ],
            [
              80.249155,
              26.439043
            ],
            [
              80.248353,
              26.439385
            ],
            [
              80.247514,
              26.438975
            ],
            [
              80.246941,
              26.438189
            ],
            [
              80.246598,
              26.438257
            ],
            [
              80.245987,
              26.438565
            ],
            [
              80.245109,
              26.438565
            ],
            [
              80.244727,
              26.439453
            ],
            [
              80.245033,
              26.439829
            ],
            [
              80.245643,
              26.440205
            ],
            [
              80.246025,
              26.440684
            ],
            [
              80.246063,
              26.441128
            ],
            [
              80.245758,
              26.441367
            ],
            [
              80.245262,
              26.441572
            ],
            [
              80.244689,
              26.44164
            ],
            [
              80.244002,
              26.441777
            ],
            [
              80.24343,
              26.441777
            ],
            [
              80.242285,
              26.441777
            ],
            [
              80.241827,
              26.442187
            ],
            [
              80.241369,
              26.442597
            ],
            [
              80.240949,
              26.443144
            ],
            [
              80.240147,
              26.443725
            ],
            [
              80.239537,
              26.44352
            ],
            [
              80.239537,
              26.442734
            ],
            [
              80.239689,
              26.442392
            ],
            [
              80.239308,
              26.441777
            ],
            [
              80.239002,
              26.441162
            ],
            [
              80.238392,
              26.441128
            ],
            [
              80.237896,
              26.44164
            ],
            [
              80.237896,
              26.442221
            ],
            [
              80.238086,
              26.442837
            ],
            [
              80.238354,
              26.443247
            ],
            [
              80.23843,
              26.444067
            ],
            [
              80.23801,
              26.444306
            ],
            [
              80.236636,
              26.444614
            ],
            [
              80.235835,
              26.445331
            ],
            [
              80.235377,
              26.44581
            ],
            [
              80.234346,
              26.446083
            ],
            [
              80.233316,
              26.44622
            ],
            [
              80.232514,
              26.446664
            ],
            [
              80.231942,
              26.446937
            ],
            [
              80.231369,
              26.446937
            ],
            [
              80.230797,
              26.44663
            ],
            [
              80.230224,
              26.446049
            ],
            [
              80.229804,
              26.446117
            ],
            [
              80.229384,
              26.446596
            ],
            [
              80.229423,
              26.447177
            ],
            [
              80.229652,
              26.447382
            ],
            [
              80.230339,
              26.447416
            ],
            [
              80.230987,
              26.44745
            ],
            [
              80.231445,
              26.447757
            ],
            [
              80.231293,
              26.448099
            ],
            [
              80.230835,
              26.448748
            ],
            [
              80.230529,
              26.449398
            ],
            [
              80.230453,
              26.449739
            ],
            [
              80.230682,
              26.449979
            ],
            [
              80.233354,
              26.451004
            ],
            [
              80.234346,
              26.451721
            ],
            [
              80.233506,
              26.452302
            ],
            [
              80.232819,
              26.45261
            ],
            [
              80.232132,
              26.452986
            ],
            [
              80.231903,
              26.453601
            ],
            [
              80.231827,
              26.454523
            ],
            [
              80.232361,
              26.45548
            ],
            [
              80.232018,
              26.455788
            ],
            [
              80.231102,
              26.455753
            ],
            [
              80.230415,
              26.455275
            ],
            [
              80.229919,
              26.455412
            ],
            [
              80.228659,
              26.456129
            ],
            [
              80.226942,
              26.456232
            ],
            [
              80.225949,
              26.456471
            ],
            [
              80.225033,
              26.456539
            ],
            [
              80.224652,
              26.456847
            ],
            [
              80.224041,
              26.457564
            ],
            [
              80.223392,
              26.458077
            ],
            [
              80.222896,
              26.458248
            ],
            [
              80.222095,
              26.458453
            ],
            [
              80.221446,
              26.45876
            ],
            [
              80.220224,
              26.458658
            ],
            [
              80.219041,
              26.458419
            ],
            [
              80.21782,
              26.458658
            ],
            [
              80.217247,
              26.458384
            ],
            [
              80.21656,
              26.457769
            ],
            [
              80.215186,
              26.457325
            ],
            [
              80.21511,
              26.45753
            ],
            [
              80.214499,
              26.457769
            ],
            [
              80.213431,
              26.458316
            ],
            [
              80.21347,
              26.4584
            ],
            [
              80.212477,
              26.459115
            ],
            [
              80.210785,
              26.459763
            ],
            [
              80.210476,
              26.461608
            ],
            [
              80.210373,
              26.463084
            ],
            [
              80.210166,
              26.464376
            ],
            [
              80.209725,
              26.465679
            ],
            [
              80.208841,
              26.466311
            ],
            [
              80.207575,
              26.466798
            ],
            [
              80.206722,
              26.466442
            ],
            [
              80.206148,
              26.465612
            ],
            [
              80.206119,
              26.466112
            ],
            [
              80.205648,
              26.467205
            ],
            [
              80.205192,
              26.467917
            ],
            [
              80.204236,
              26.468537
            ],
            [
              80.202883,
              26.468525
            ],
            [
              80.202778,
              26.469223
            ],
            [
              80.203393,
              26.470827
            ],
            [
              80.203452,
              26.471802
            ],
            [
              80.201719,
              26.472043
            ],
            [
              80.198821,
              26.472097
            ],
            [
              80.198229,
              26.473175
            ],
            [
              80.19836,
              26.474781
            ],
            [
              80.200916,
              26.4761
            ],
            [
              80.20264,
              26.478181
            ],
            [
              80.203922,
              26.481303
            ],
            [
              80.205071,
              26.481651
            ],
            [
              80.205747,
              26.482966
            ],
            [
              80.206898,
              26.484182
            ],
            [
              80.209003,
              26.48376
            ],
            [
              80.210137,
              26.483431
            ],
            [
              80.211609,
              26.484328
            ],
            [
              80.211815,
              26.49288
            ],
            [
              80.209136,
              26.496754
            ],
            [
              80.209651,
              26.497308
            ],
            [
              80.209342,
              26.509943
            ],
            [
              80.211943,
              26.518699
            ],
            [
              80.23625,
              26.487846
            ]
          ]
        ]
      }
    },
    {
      "type": "Feature",
      "properties": {
        "wardId": "W59",
        "wardNo": 59,
        "wardName": "Ward 59 - Civil Lines",
        "zoneNo": 1,
        "source": "DataMeet Municipal Spatial Data"
      },
      "geometry": {
        "type": "Polygon",
        "coordinates": [
          [
            [
              80.355708,
              26.482963
            ],
            [
              80.357755,
              26.481745
            ],
            [
              80.358311,
              26.48066
            ],
            [
              80.358922,
              26.479704
            ],
            [
              80.359265,
              26.479157
            ],
            [
              80.360334,
              26.478474
            ],
            [
              80.361059,
              26.477722
            ],
            [
              80.362548,
              26.476834
            ],
            [
              80.36396,
              26.475912
            ],
            [
              80.365792,
              26.474545
            ],
            [
              80.366173,
              26.47434
            ],
            [
              80.363425,
              26.473759
            ],
            [
              80.3627,
              26.473554
            ],
            [
              80.362319,
              26.473042
            ],
            [
              80.362586,
              26.472735
            ],
            [
              80.362967,
              26.472393
            ],
            [
              80.363616,
              26.471983
            ],
            [
              80.364151,
              26.47147
            ],
            [
              80.364112,
              26.471265
            ],
            [
              80.364151,
              26.471129
            ],
            [
              80.361288,
              26.46925
            ],
            [
              80.364456,
              26.467473
            ],
            [
              80.364914,
              26.467063
            ],
            [
              80.362242,
              26.465116
            ],
            [
              80.359952,
              26.463954
            ],
            [
              80.359309,
              26.46373
            ],
            [
              80.35991,
              26.463102
            ],
            [
              80.360658,
              26.46234
            ],
            [
              80.361406,
              26.461832
            ],
            [
              80.362206,
              26.461185
            ],
            [
              80.361561,
              26.460654
            ],
            [
              80.36089,
              26.460215
            ],
            [
              80.360168,
              26.45973
            ],
            [
              80.359419,
              26.459198
            ],
            [
              80.358594,
              26.458737
            ],
            [
              80.357717,
              26.458344
            ],
            [
              80.356762,
              26.457789
            ],
            [
              80.356143,
              26.457466
            ],
            [
              80.35542,
              26.45712
            ],
            [
              80.354517,
              26.456658
            ],
            [
              80.353872,
              26.456404
            ],
            [
              80.353253,
              26.45608
            ],
            [
              80.352453,
              26.455687
            ],
            [
              80.35204,
              26.456427
            ],
            [
              80.352056,
              26.456439
            ],
            [
              80.352046,
              26.456441
            ],
            [
              80.350724,
              26.455861
            ],
            [
              80.349409,
              26.455214
            ],
            [
              80.348583,
              26.454867
            ],
            [
              80.348539,
              26.454905
            ],
            [
              80.347938,
              26.454429
            ],
            [
              80.347112,
              26.453828
            ],
            [
              80.346183,
              26.452996
            ],
            [
              80.345177,
              26.451864
            ],
            [
              80.344197,
              26.450756
            ],
            [
              80.342907,
              26.449543
            ],
            [
              80.342081,
              26.450097
            ],
            [
              80.341487,
              26.450513
            ],
            [
              80.340662,
              26.451183
            ],
            [
              80.340043,
              26.45176
            ],
            [
              80.339114,
              26.452407
            ],
            [
              80.338108,
              26.453008
            ],
            [
              80.337127,
              26.453793
            ],
            [
              80.336147,
              26.454509
            ],
            [
              80.335218,
              26.455087
            ],
            [
              80.334392,
              26.455711
            ],
            [
              80.333928,
              26.455942
            ],
            [
              80.333915,
              26.455942
            ],
            [
              80.333321,
              26.45638
            ],
            [
              80.332754,
              26.456704
            ],
            [
              80.332135,
              26.457096
            ],
            [
              80.331309,
              26.457697
            ],
            [
              80.330612,
              26.458136
            ],
            [
              80.329761,
              26.458737
            ],
            [
              80.329013,
              26.459245
            ],
            [
              80.328393,
              26.459637
            ],
            [
              80.328909,
              26.460284
            ],
            [
              80.329348,
              26.460792
            ],
            [
              80.329477,
              26.461277
            ],
            [
              80.329142,
              26.461739
            ],
            [
              80.328884,
              26.462271
            ],
            [
              80.328909,
              26.463218
            ],
            [
              80.328935,
              26.463125
            ],
            [
              80.32958,
              26.463194
            ],
            [
              80.32989,
              26.463934
            ],
            [
              80.330251,
              26.464742
            ],
            [
              80.330638,
              26.465458
            ],
            [
              80.33087,
              26.465989
            ],
            [
              80.330251,
              26.46629
            ],
            [
              80.330509,
              26.466982
            ],
            [
              80.330819,
              26.467514
            ],
            [
              80.331335,
              26.46726
            ],
            [
              80.331748,
              26.467075
            ],
            [
              80.332109,
              26.46756
            ],
            [
              80.332522,
              26.468091
            ],
            [
              80.33327,
              26.467791
            ],
            [
              80.334121,
              26.467514
            ],
            [
              80.33474,
              26.467213
            ],
            [
              80.334973,
              26.467086
            ],
            [
              80.335024,
              26.467133
            ],
            [
              80.335308,
              26.467364
            ],
            [
              80.335514,
              26.467779
            ],
            [
              80.335102,
              26.467987
            ],
            [
              80.334792,
              26.468126
            ],
            [
              80.334973,
              26.468472
            ],
            [
              80.334405,
              26.468819
            ],
            [
              80.333966,
              26.469234
            ],
            [
              80.333476,
              26.469743
            ],
            [
              80.333141,
              26.470389
            ],
            [
              80.332805,
              26.471082
            ],
            [
              80.333734,
              26.470643
            ],
            [
              80.334431,
              26.47032
            ],
            [
              80.335153,
              26.47002
            ],
            [
              80.335452,
              26.469862
            ],
            [
              80.335656,
              26.470204
            ],
            [
              80.336224,
              26.470089
            ],
            [
              80.336998,
              26.469927
            ],
            [
              80.337179,
              26.47032
            ],
            [
              80.337282,
              26.471059
            ],
            [
              80.338159,
              26.470759
            ],
            [
              80.339088,
              26.470389
            ],
            [
              80.339243,
              26.470666
            ],
            [
              80.340172,
              26.470366
            ],
            [
              80.340894,
              26.470297
            ],
            [
              80.341384,
              26.47032
            ],
            [
              80.341875,
              26.47002
            ],
            [
              80.342133,
              26.469766
            ],
            [
              80.34221,
              26.469442
            ],
            [
              80.342184,
              26.469096
            ],
            [
              80.342172,
              26.469085
            ],
            [
              80.343087,
              26.468611
            ],
            [
              80.343486,
              26.468314
            ],
            [
              80.343762,
              26.467719
            ],
            [
              80.344235,
              26.468507
            ],
            [
              80.344468,
              26.468876
            ],
            [
              80.344726,
              26.469177
            ],
            [
              80.344313,
              26.469361
            ],
            [
              80.343745,
              26.469662
            ],
            [
              80.344261,
              26.469939
            ],
            [
              80.344287,
              26.470285
            ],
            [
              80.344597,
              26.47077
            ],
            [
              80.344803,
              26.471255
            ],
            [
              80.345035,
              26.471509
            ],
            [
              80.344751,
              26.472156
            ],
            [
              80.344519,
              26.472803
            ],
            [
              80.344468,
              26.472849
            ],
            [
              80.3447,
              26.472872
            ],
            [
              80.344777,
              26.473611
            ],
            [
              80.344821,
              26.474043
            ],
            [
              80.344686,
              26.474067
            ],
            [
              80.344915,
              26.474443
            ],
            [
              80.34522,
              26.47516
            ],
            [
              80.34564,
              26.476185
            ],
            [
              80.345945,
              26.476595
            ],
            [
              80.345869,
              26.477996
            ],
            [
              80.345754,
              26.479055
            ],
            [
              80.345563,
              26.480114
            ],
            [
              80.345258,
              26.480968
            ],
            [
              80.345182,
              26.481515
            ],
            [
              80.345716,
              26.481549
            ],
            [
              80.346441,
              26.481241
            ],
            [
              80.34709,
              26.480968
            ],
            [
              80.347548,
              26.48066
            ],
            [
              80.348082,
              26.480558
            ],
            [
              80.348579,
              26.480251
            ],
            [
              80.348922,
              26.48008
            ],
            [
              80.349456,
              26.479738
            ],
            [
              80.34949,
              26.480562
            ],
            [
              80.34938,
              26.481105
            ],
            [
              80.349762,
              26.48131
            ],
            [
              80.35022,
              26.481241
            ],
            [
              80.350411,
              26.481105
            ],
            [
              80.350678,
              26.480934
            ],
            [
              80.351171,
              26.480899
            ],
            [
              80.350947,
              26.481539
            ],
            [
              80.351324,
              26.481917
            ],
            [
              80.351809,
              26.482323
            ],
            [
              80.352081,
              26.483138
            ],
            [
              80.352198,
              26.484018
            ],
            [
              80.353595,
              26.483622
            ],
            [
              80.355708,
              26.482963
            ]
          ]
        ]
      }
    },
    {
      "type": "Feature",
      "properties": {
        "wardId": "W07",
        "wardNo": 7,
        "wardName": "Ward 07 - Kidwai Nagar",
        "zoneNo": 3,
        "source": "DataMeet Municipal Spatial Data"
      },
      "geometry": {
        "type": "Polygon",
        "coordinates": [
          [
            [
              80.3325,
              26.44
            ],
            [
              80.365,
              26.44
            ],
            [
              80.365,
              26.47
            ],
            [
              80.3325,
              26.47
            ],
            [
              80.3325,
              26.44
            ]
          ]
        ]
      }
    }
  ]
}